source,target,label
0,10,-9.66580891649378
0,17,-4.334616578137168
0,89,-22.26348775360425
0,115,-4.0160219067639344
0,177,-12.763501497386889
0,205,-12.890945589076331
0,46,-1.505471907060474
0,269,-16.233185123439952
0,296,-20.85580431522437
0,312,-4.600515321431174
0,318,-19.475653605753728
0,56,-32.18033911412144
0,339,-4.434923752361272
0,341,-12.744459443435343
0,357,-18.09029496801966
0,363,-29.104516311866572
0,364,
0,365,-16.280364411505868
0,370,-17.35982066633831
0,375,19.167795431814316
0,384,-3.321928094887362
0,386,16.086263506181574
0,476,-11.665584866424979
0,503,-9.965784284662087
0,515,-1.031708859727338
0,529,-9.797063809893924
0,540,9.965784284662087
0,568,13.282074868584086
0,612,-18.930396087766987
0,663,-7.775776412721812
0,664,-20.264780463225375
0,704,-11.82256948243197
0,744,10.059344460824425
0,747,
0,757,-21.82706191531873
0,768,-12.265781458189943
0,788,-8.174925682500678
0,800,-14.816605662765726
0,805,-13.287712379549449
0,636,-11.104504787536515
0,809,
0,830,-15.228838658314508
0,847,-4.238666100459187
0,857,-4.566208155819385
0,861,-9.89026427702111
0,877,-20.390935456484073
0,921,-11.66266837551754
0,622,-33.99793030378796
0,964,9.965784284662087
0,1069,-12.163502173337285
0,1072,-1.3832373855472517
0,1088,-13.232555836239737
0,1170,-8.519636252843213
0,1174,-24.72704008430468
0,1190,-23.430817535996063
0,47,-12.642409753958237
0,1225,26.569642420989783
0,1246,-8.997179480937621
0,14,-8.311858312184658
0,1302,-10.189633123043167
0,1314,-9.964340867792417
0,1329,3.1742509268451022
0,1407,
0,1420,-9.965784284662087
0,1439,-15.194896243043384
0,1447,-6.555632637950237
0,1460,16.717915647627667
0,171,20.733065815393644
0,1473,-14.111543245749719
0,672,-17.86852572752629
0,1497,10.791083955780795
0,83,-37.76862753215014
0,1532,-10.76553842393536
0,1540,-9.618792440499218
0,1621,-9.623881490013458
0,1677,13.287712379549449
0,1686,22.87262408793808
0,1687,19.874430266604158
0,1692,-12.544970257578328
0,16,-8.875783492845162
0,1142,-15.294050241562767
0,1730,-14.159792516058786
0,628,3.506375797315041
0,1747,
0,1827,-9.965784284662087
0,1641,-29.894231115294204
0,960,-13.337524019965361
0,1596,-9.470797152988181
0,1376,9.98584193700334
0,1930,-3.7975591429158797
0,1963,3.412711696677932
0,1966,13.562965836044796
0,1967,-14.932461285945461
0,1989,-5.722142928066013
0,189,-12.630189657251103
0,2044,-24.533803496814134
0,401,-15.385323176175872
0,2096,-9.566054038171092
0,2124,-8.986366071040505
0,2175,
0,457,-9.46352437327118
0,535,-3.3466295546477514
0,2215,-31.321943773664113
0,2245,-9.837627933171404
0,1485,-9.012013702816533
0,2274,9.965784284662087
0,76,-0.9743219751037558
0,246,-3.6093095622546967
0,1955,9.975847968006784
0,2350,-7.98299357469431
0,2365,-9.829722735086058
0,1902,-16.665604827768565
0,2436,-9.965784284662087
0,468,-6.126986960606508
0,2452,-4.820160883870661
0,2513,-21.775298968276477
0,1468,-11.185169440057297
0,2523,-5.790958612012602
0,473,1.8109292751560266
0,473,0.7356333859782954
0,2584,-11.496901785057595
0,2592,-3.1488171627262025
0,2597,
0,2616,-9.938109326219239
0,2625,13.287712379549449
0,2631,-22.278992858722884
0,190,-7.431065544481827
0,2656,-6.274335646985318
0,2674,8.623701598025189
0,2486,-3.703947556272304
0,1066,-4.3946683232486095
0,379,19.925787665218436
0,2702,-12.071197761521232
0,2710,-26.186838864701112
0,253,-16.335682850509816
0,1833,-8.476543706214256
0,862,-53.224371977049636
0,2386,-18.436687943441868
0,1512,-17.518937454325332
0,1014,-3.048363021561399
0,337,-22.640307849528934
0,2921,-8.199672344836364
0,2949,-8.263660439708183
0,3005,-9.31741261376487
0,75,7.400180922436126
0,3071,-11.165535141377925
0,3082,
0,3087,6.759326422008392
0,3111,-58.14640686762572
0,3123,
0,3189,2.3878720774784465
0,3202,-9.80973599139903
0,3208,-9.937186560431915
0,3279,-9.283088353024002
0,3282,-7.805686460598905
0,3294,-12.408890078405744
0,21,19.925787665218436
0,2910,-16.350283967674347
0,174,8.136078602711807
0,3390,-14.056837157961702
0,3134,-2.9822790181537284
0,3400,-9.526170493085395
0,3414,-6.405192114379832
0,3476,-8.829722735086058
0,3513,11.219696126403381
0,3525,-13.417428919358391
0,1823,-13.963773548387403
0,458,-8.478786749623124
0,3591,-14.956043812383086
0,3595,-9.960001932068081
0,3610,-11.829182266149555
0,3184,-12.34817901198384
0,1872,
0,2591,-14.734061967954386
0,3712,-1.7962803875087903
0,1970,-22.76739615376885
0,329,-14.123574300252194
0,3758,-16.609640474436812
0,698,-6.349157150164181
0,20,-39.55973740445003
0,3804,-9.255068698105513
0,3812,-28.390914620672557
0,3864,6.795230578791516
0,438,-18.305867549631788
0,3590,-9.881113960675096
0,3893,18.035934746193664
0,3895,-8.221096472965625
0,3899,
0,3900,-8.360211032025099
0,3905,-12.613276360276787
0,2363,-6.572837949221061
0,482,-32.63431844815247
0,3422,-1.1456053222468994
0,3967,-10.127442598611825
0,3971,
0,3624,19.925836912954317
0,4000,-8.581200581924957
0,484,18.143470486356755
0,551,-9.596479213056712
0,4032,-9.219168520462162
0,4093,-13.758569395916533
0,286,-5.143656368296949
0,474,0.6466746868259696
0,474,8.404680918539281
0,4157,-4.737054866243835
0,4163,-30.20098805166138
0,3197,-11.340744063246177
0,3683,-22.71160372401144
0,917,-11.976171999470692
0,4250,11.10600176866815
0,537,-19.579420388745778
0,26,-1.5303592055767077
0,4008,-9.879583249612784
0,4305,-9.965784284662087
0,4312,-9.707359132080883
0,25,-23.620792133567054
0,4449,-15.711048512421835
0,4498,11.711696021030159
0,57,-7.516367117975634
0,4517,-15.930850404586236
0,2680,-16.770818724516623
0,4609,-6.795940632937774
0,4105,-25.191070768977777
0,197,-2.7228852799102397
0,4620,-9.014020470314934
0,4621,-8.965784284662087
0,210,-26.897097451499025
0,4670,
0,1812,
0,485,-8.490094429453265
0,1501,-73.60596546368316
0,1137,27.56964241374734
0,1759,-14.85846562364777
0,4744,
0,3785,-10.704914486271397
0,4608,-1.8934210494449657
0,4803,-20.10760240587358
0,4839,-16.928345392348522
0,505,4.879145605125614
0,4858,0.4019230954155707
0,4863,-6.50635266602479
0,4524,-51.42957462172973
0,4884,
0,976,-9.965784284662087
0,3217,-4.994230943153015
0,4926,-9.76487159073609
0,4726,-16.609640474436812
0,1615,-19.08483762140885
0,2300,-6.515836318352498
0,5065,-64.263252200704
0,358,-7.955865859032466
0,631,-10.433298345471423
0,223,-13.48287356627872
0,3147,-5.154236070653224
0,587,-32.85470111926042
0,3148,-10.214115086432045
0,3292,-13.7474632180012
0,3342,-14.06213669959477
0,346,7.260153553758606
0,5256,-23.61676141769384
0,5280,-10.572788019577647
0,5288,-7.0412820223901145
0,1657,-11.079268070996207
0,4336,-8.234751616393135
0,5335,-8.578489788283646
0,5352,-11.198912708717168
0,2046,-9.914385132155443
0,4714,-17.198886223800795
0,2349,-8.257387842692651
0,3532,
0,5522,-25.858581260201753
0,4530,-5.562566163128208
0,5573,1.4825320073531285
0,5603,-24.374412681942285
0,5611,9.965784284662087
0,5613,-11.79644525906185
0,254,-29.234038898532617
0,5715,-16.21074926101308
0,5728,-20.071718976208732
0,5776,-3.048363021561399
0,5791,9.011227255423254
0,1563,-1.2555458315951271
0,5826,-13.086405988420593
0,711,-18.398561164241382
0,5836,-4.539158811108031
0,4965,17.23835808685304
0,1414,-17.56125678811216
0,1222,
0,5881,4.963874575324093
0,4038,-23.070017930318127
0,5922,-18.54933605477737
0,1598,-29.13163008648632
0,5987,-10.999022682981545
0,928,3.6507356621596174
0,309,-12.232548194452324
0,277,-7.860614073882044
0,328,-14.66576559612182
0,278,-54.130812373286936
0,5268,-11.390420184868239
0,6086,20.777880538527278
0,759,-6.691622938587436
0,5584,-6.252299962557683
0,6097,12.280488777025854
0,6101,-9.965784284662087
0,4293,-2.797244268333832
0,6104,-7.768184324776926
0,2994,-24.269247737850407
0,6115,10.960725994839057
0,6124,-18.94155054394172
0,6136,-8.080817527608327
0,173,-1.6081728186652555
0,6167,-9.409390936137703
0,3710,5.830520339223766
0,5648,-18.79140165882296
0,6230,-47.0726646291694
0,6257,-9.824958740528523
0,513,-0.8172025684891446
0,1472,-6.500570313430783
0,5056,-19.26467183852468
0,3662,-8.900866807980748
0,6285,-11.68391629924918
0,1378,-6.716100559123756
0,3194,-5.946254838492516
0,6309,-21.40054147880052
0,5832,-81.44890553024686
0,6389,-32.19890221937822
0,6396,-8.664708754325687
0,3151,-29.891570515877145
0,4150,-11.501399654382048
0,5876,-9.965784284662087
0,6477,-22.001442838107476
0,3547,-10.686538132082074
0,6525,-11.02164771928238
0,773,-2.0354646806548033
0,217,-16.697126866781574
0,6542,-9.116343961237469
0,863,-36.726015356300934
0,6586,
0,1112,11.601263795451954
0,629,12.159466125257863
0,5763,-51.72137599418337
0,2733,-8.997179480937621
0,6627,19.925787665218436
0,1581,-32.78991670987149
0,3472,-5.484602754168266
0,6651,-18.57229977256305
0,345,9.965784284662087
0,6670,-8.848622940429339
0,6685,-69.30288378213122
0,1073,-18.333530730781767
0,534,-15.923451072958395
0,5762,-3.321928094887362
0,3047,-9.965784284662087
0,1511,-15.856582754971555
0,3851,23.70328441523972
0,6802,
0,6824,-9.965784284662087
0,1903,-46.46197010513586
0,373,-8.270093276965207
0,621,-20.858955530554773
0,439,-1.8699881994347438
0,6912,3.270019297174763
0,1799,-17.663054779480213
0,1685,-12.58180457672199
0,3670,-9.841564347730575
0,6999,-6.761003665226827
0,7014,-15.193161322039625
0,3233,-23.878556679119626
0,343,-8.290018846932618
0,7065,-10.640308861911619
0,1300,-9.82972273809167
0,3491,-9.606592784891978
0,760,-2.832244090470603
0,2376,-6.643856189774724
0,3214,1.4848565860788554
0,1894,-12.877636938674293
0,615,-13.531165471413287
0,1510,-8.264442600226602
0,4380,-11.884694676093982
0,7196,
0,7204,
0,1095,-11.15741778847232
0,4447,8.380821783940931
0,7149,-12.265518272968981
0,3600,-13.664790159178406
0,6188,-8.900866807980748
0,7307,-16.605971583799302
0,1404,-17.774982167251363
0,6706,-12.245627199619552
0,2357,-21.038307711203547
0,7427,-8.996588913553381
0,68,-3.464323244416466
0,1487,23.626422337698052
0,1760,-11.360833802284015
0,1283,-3.8612256280693913
0,7223,
0,5747,-16.603875503537008
0,2191,-25.04085736110795
0,7564,
0,3,7.396978169847207
0,1096,-23.890522642758107
0,430,9.560180217734594
0,3341,-8.794415866350105
0,2857,-9.597686552217052
0,1700,-8.526181383297
0,1006,-12.114718389188425
0,5979,14.852273759416722
0,3289,-13.054815412999924
0,4116,-49.8512889143227
0,4520,-13.028755320861128
0,7725,
0,1356,-10.515854051741636
0,6037,-14.668745658711051
0,7808,-10.255998273881834
0,7816,-13.594907723063335
0,196,-16.55499212120022
0,7823,-5.058893689053568
0,2094,2.3256434958140084
0,2399,-41.8848907253356
0,7751,-52.43554099658439
0,7251,
0,5685,-7.729756568057979
0,4750,-12.686500527183219
0,4554,-17.003924117981537
0,8015,-9.909893083770042
0,4026,-9.763639513207636
0,5592,-9.929258408636972
0,536,-25.092362890253003
0,6515,-3.470761413693989
0,3118,-9.04419927344362
0,2400,-31.62910778059798
0,5402,26.569642522384008
0,3221,
0,4231,-15.32481917605381
0,1207,-13.613907781311212
0,727,-1.7395783247246552
0,2536,-10.265574948754173
0,697,-8.380821783940931
0,5757,-10.32024090584368
0,64,-9.5306176126286
0,916,-11.971209526738086
0,7683,-7.592457037268081
0,7243,-11.620558824100419
0,467,-17.373867716509587
0,8331,2.2059712813993797
0,8339,
0,5179,-10.322754831322559
0,8371,-1.7274408187415757
0,5649,-12.336878899154025
0,6807,-9.874981347653774
0,1695,-29.24698656980596
0,4274,11.826615929530206
0,1338,-13.846551995608746
0,3480,0.634214379234526
0,677,-22.928982323097376
0,1233,-0.006996325652290716
0,7811,29.89159356260126
0,8570,-29.715201882767207
0,2113,-17.751801933058903
0,8621,-19.046966272688067
0,7069,9.965784284662087
0,8632,-9.338814310846999
0,5009,-9.965784284662087
0,7576,-11.167418145831737
0,8733,-9.965784284662087
0,8155,-21.035554068260044
0,2911,-20.26564430721286
0,8790,-21.60304827304692
0,6584,-23.293111837350736
0,5263,10.192427912436086
0,8817,-12.540135352724812
0,2815,-11.164906926675688
0,2025,-23.208700620231756
0,2705,
0,8801,-42.6643669209628
0,8905,-23.756170033308354
0,4307,-4.992143152281902
0,1743,-11.530748946739994
0,1513,-14.227941786436736
0,4637,-9.700439718141093
0,6716,
0,5084,-6.593835416977178
0,8918,-22.388269031548365
0,9118,-33.213498596424465
0,9113,-9.372865060112588
0,8008,-9.282558848116048
0,4964,-11.140190703191836
0,9191,19.435906222246413
0,2377,-21.709130874582705
0,3421,18.55157684759928
0,2539,-11.600250125366188
0,9236,-5.471304610074878
0,9240,-9.306034518267602
0,1145,-2.402637887264306
0,6826,-8.422064766172813
0,4370,-25.94418469005053
0,172,-11.41808643149336
0,7190,-9.113742166049189
0,9331,-9.997179480937621
0,8780,
0,1804,3.0251459580560542
0,2924,-9.60733031374961
0,7514,-26.0075232278982
0,740,-4.7609451591737315
0,967,-10.494511203855332
0,9420,-9.967226258835993
0,657,12.880483885863644
0,5925,-5.51306958223937
0,1111,3.321928094887362
0,2517,-17.434536976105786
0,9495,-8.991521846075695
0,82,-11.694882121295532
0,9522,-9.965784284662087
0,9547,-14.111133045647453
0,377,-6.154164443352048
0,585,7.373140741345806
0,2114,-20.40337248314991
0,9250,9.965784284662087
0,3520,-43.83882031295792
0,9716,12.733422646153937
0,8634,13.574967654683933
0,8831,-14.070477836989937
0,5145,-21.803239650969356
0,985,19.925787665218436
0,8293,4.959013067625576
0,980,21.188001994067452
0,2726,-9.562328537176647
0,9819,-29.891570502840743
0,4054,13.872674880270605
0,2632,-22.72204826149771
0,211,-15.321023828062415
0,153,-8.6252950321784
0,63,0.19530966544391057
0,9968,15.177899816435621
0,2261,-11.636342914082336
0,10005,-8.176709658959927
0,10034,-28.363700764444907
0,9249,-14.52835283439466
0,5633,15.289504926127682
0,13,-14.418886208679016
0,1843,-19.731727714830466
0,7609,0.43007751701443964
0,111,-18.19908758828759
0,1019,-10.81014866012975
0,7073,
0,2440,-13.410252604023276
0,10221,-9.840777923595054
0,6060,-2.537965021183987
0,8683,1.7744493417185152
0,2176,
0,8248,-23.82521027450001
0,1144,-18.14682178109582
0,2235,-26.211089081943577
0,7869,-3.1584790276199723
0,2115,1.7102403489923368
0,9399,-0.923005559020977
0,9594,-16.910817348653463
0,1979,-16.084413254186497
0,10333,-4.497107081758965
0,389,9.984286366008261
0,624,-42.48578367230398
0,2555,-2.6459144515110746
0,275,-20.176988614043363
0,4417,-16.686397563689944
0,7962,15.189105908802281
0,374,-8.04872018493485
0,7636,-9.479780264029099
0,4566,-8.668884984266247
0,2110,-10.600842114387302
0,4151,12.796517684602456
0,3398,-16.08310042087291
0,5898,10.014020470314934
0,5610,-21.817918182082824
0,7244,-8.451211111832329
0,8274,-9.703903573444663
0,247,-3.6100224383683686
0,8039,0.01499682234135413
0,5024,-7.68190316637502
0,726,-32.48473960108386
0,4398,18.925789113705253
0,4821,-29.933207747825648
0,2807,-28.127057979953875
0,3554,0.8248901400070341
0,4545,-4.105036705191628
0,2577,-6.9746261452512694
0,7531,10.286746838601362
0,1453,6.136387023864189
0,8752,-9.78953364497036
0,1375,-9.69522829149575
0,1701,-7.588273607633411
0,2995,-9.89026427702111
0,1186,-3.992490215714762
0,3800,16.38258523961437
0,3717,28.94464638566548
0,6878,6.798378644731748
0,1800,-9.445651400873768
0,2,-1.4183511780867253
0,4546,-12.220151795773994
0,676,-23.238874092971255
0,586,-35.2457879937815
0,2246,-10.116343961237469
0,7918,-0.8548781908258857
0,2190,-7.964127866442226
0,5935,
0,2790,5.638656431808959
0,112,-14.785601726793514
0,890,-5.303050084681673
0,1057,-9.967559766170293
0,2483,-12.071462362556623
0,10486,0.27356507332596336
0,718,-49.402094915873064
0,616,-9.598662892652085
0,9919,9.965784284662087
0,2434,-12.906280070605689
0,10180,-15.1641212734183
0,822,-23.253496664211536
0,7919,-12.108955495565278
0,8125,-22.61764132669892
0,1036,-10.588354614633978
0,10907,-54.65971422082683
0,1956,-9.79766152585376
0,6851,-17.536689638329577
0,11156,-2.902918784506102
2,3,8.536571016618876
2,47,-9.03342300153745
2,1338,-10.432541900388259
2,1485,-8.960001932068081
2,247,-2.250140060065105
2,174,9.55664636709577
2,1019,-9.385785229586219
2,14,-8.661778097771988
2,2246,-9.965784284662087
2,773,-9.965784284662087
2,1460,13.80624751853163
2,4336,-4.693398732760518
2,3342,-7.148052820964806
2,2513,-21.428088853326106
2,68,0.9389989278680752
2,484,9.581200581924957
2,197,-0.8311809357838569
2,513,0.33642766458247736
2,173,-0.1178229607027181
2,63,0.6925973745641208
2,75,
2,473,
2,172,-9.965784284662087
2,3513,
2,115,-1.6725168864393642
2,275,-9.074141462752506
2,345,
2,4498,9.96289600533726
2,0,1.4183511780867255
2,7190,-9.965784284662087
3,2,-8.536571016618876
3,217,
3,275,-8.971543553950772
3,343,
3,672,-9.379378367071261
3,467,-16.618270779580254
3,503,-9.965784284662087
3,924,
3,928,
3,16,-16.2575560828455
3,976,-20.44266192799534
3,345,
3,1006,
3,458,-15.860393272593473
3,1095,-18.468425654111023
3,1096,
3,484,10.239001757765582
3,1378,-14.487077655525779
3,210,-9.954196310386875
3,474,-9.965784284662087
3,1979,
3,190,
3,2357,-10.894059846274022
3,551,
3,328,-16.078463569066578
3,2440,
3,863,-10.071462362556623
3,800,-9.955649907528374
3,172,-21.10975925216344
3,3151,-7.965784284662087
3,1453,
3,1827,
3,1302,
3,1615,-9.878050912728536
3,4105,-10.562242424221072
3,309,-11.140190703191836
3,1894,-12.90450949816766
3,585,-0.8278875964604977
3,585,0.16397952864718562
3,985,-10.286557761607957
3,4398,-42.330589616114295
3,173,-9.987264012072538
3,174,0.7434588394033864
3,47,-9.978710459106358
3,115,-11.470334228271206
3,247,-10.992075645222403
3,4821,
3,1036,-10.099347810403193
3,5263,4.284590549200241
3,1407,
3,473,
3,1956,
3,1485,-16.574067520634205
3,3202,
3,615,-10.517669388133811
3,5876,
3,5898,-9.965784284662087
3,6188,-10.372865060112588
3,1420,-9.964340867792417
3,1833,-9.951284714966972
3,357,-10.060695931687555
3,1338,-9.92481250360578
3,6584,
3,3221,
3,277,-10.260919533662905
3,2434,-10.576160415681949
3,278,-10.023754353299417
3,6124,
3,246,-9.786269627648466
3,7216,-22.022202346508262
3,7223,
3,14,-15.683490758422982
3,68,-10.869901128815625
3,0,-7.396978169847207
3,4157,-9.965784284662087
3,7609,-7.14427341135904
3,513,-8.481785844023975
3,6932,9.965501375544425
3,346,-0.0
3,5584,-11.82097669262124
3,847,-11.220378327695228
3,8248,
3,75,0.0037350780771517435
3,75,0.26432145216296943
3,2517,
3,1930,-11.580756193021259
3,1657,
3,339,
3,1376,8.965784284662087
3,6136,-13.229870272287243
3,76,-8.554588851677638
3,329,-27.251469166219948
3,57,-10.163649676015824
3,1843,-9.965784284662087
3,1487,9.965784284662087
3,1069,-9.965784284662087
3,17,-11.901266574267902
3,1088,-9.965784284662087
3,430,1.5089521635957437
3,537,-18.768798156458526
3,1967,-20.79744665878314
3,4417,
3,26,
3,7190,-10.39231742277876
3,2377,-9.965784284662087
3,9331,-8.980139577639157
3,63,-7.132411741642464
3,2591,
3,1460,9.307717739016214
3,485,-12.303780748177102
3,3421,
3,197,-10.126944198433355
3,363,
3,529,-10.051208940914766
3,3900,
3,211,-9.06339508128851
3,4965,22.97873494428018
3,8918,
10,0,9.665808916493779
10,3491,-0.0002873705413283675
13,14,
13,672,
13,115,10.34068292775648
13,0,14.418886208679016
13,5832,-9.965784284662087
14,13,
14,115,4.736063627871814
14,379,-4.717856771218502
14,430,
14,458,-2.1559735560597164
14,211,-6.767129101052675
14,275,-3.766292265435718
14,0,8.311858312184658
14,328,
14,401,-8.787902559391432
14,1648,5.011389417255721
14,17,3.965724130795794
14,47,-4.257271425904944
14,1804,10.027905996569885
14,1812,
14,1512,-8.952741247186488
14,196,
14,21,-10.523071826940395
14,2176,
14,2,8.661778097771988
14,1930,3.514353233041103
14,1833,1.5864015981381285
14,68,5.1578194552761225
14,535,2.706090704766429
14,1460,
14,921,-11.696098170955864
14,1563,6.288481611794221
14,1730,
14,484,
14,64,-1.2314124261991226
14,759,
14,210,-9.967226258835993
14,615,-5.120027592541224
14,189,-4.795859283219775
14,628,
14,1747,
14,2044,-10.50084187955693
14,5747,-13.43396481428513
14,537,-10.677719641641009
14,1695,
14,513,6.620586410451877
14,1657,
14,6515,4.580297874395546
14,3905,-4.337905373961804
14,985,-29.89157274365148
14,3,15.683490758422982
14,26,
14,63,8.488767465577324
14,7564,
14,1510,
14,1979,
14,75,15.69722097094019
14,197,4.347052689042979
14,6525,-2.624686457797988
14,4293,5.365826338977771
14,916,-2.4810082682608345
14,585,10.694357887221452
14,5573,9.294918515034905
14,3289,
14,76,7.158429362604483
14,5757,-0.7790231421860059
14,6285,-4.0
14,1468,1.4637489137520756
14,2436,
14,551,-1.2691629854141215
14,485,-0.032869991361697014
14,174,16.388271302758756
14,847,4.030743071233806
14,1376,9.936637939002571
14,5881,
14,4863,
16,17,
16,379,-7.380821783940931
16,3,16.2575560828455
16,0,8.875783492845162
16,174,16.98687347526439
16,3111,
16,484,
17,16,
17,0,4.334616578137168
17,711,-14.140156029419627
17,1066,-0.10360304493899462
17,1073,-13.958723412259696
17,1233,
17,14,-3.965724130795794
17,174,12.4523189736153
17,197,
17,2536,-5.9396977930503505
17,1563,3.0483177260654437
17,1069,-7.870503855985174
17,473,4.32650779465816
17,3118,-6.965784284662087
17,374,-3.777163282757898
17,75,
17,3785,-6.405069330187608
17,585,
17,2517,-9.826548487290914
17,63,4.530332322046478
17,4038,-7.643856189774724
17,4163,
17,960,
17,1057,-5.59220839846719
17,277,
17,68,
17,286,1.308706264219076
17,2300,-2.245298651193144
17,3893,9.992938336165814
17,537,-9.894817763307943
17,278,
17,1800,-5.265044584082276
17,190,-2.7487873026270506
17,2539,
17,1174,
17,328,-32.73332941021084
17,8008,-4.967932963516216
17,5685,-5.599912842187128
17,1356,-6.117396258857467
17,484,9.965784284662087
17,3,11.901266574267902
17,377,0.07883668088307831
17,173,3.8252768300548667
17,6396,-4.343182756957712
17,89,-12.156399144871584
17,1207,-9.310336939774725
17,458,-4.172272786896517
17,8683,-0.0
17,318,-11.537218400538595
17,430,9.519636252843213
17,1485,-4.696673733015006
17,247,0.7304954927826661
17,1641,-21.34825337492587
20,21,21.311265759861893
20,68,40.86958997816586
20,0,39.55973740445003
20,196,1.1352615422926433
21,20,-21.311265759861893
21,14,10.523071826940395
21,0,-19.925787665218436
25,26,
25,68,
25,624,
25,0,23.620792133567058
25,4714,
25,174,
25,111,-4.0
25,1800,
26,25,
26,174,9.704634326246472
26,568,
26,0,1.5303592055767077
26,14,
26,115,
26,4714,-20.690901692418862
26,3,
46,0,1.505471907060474
46,374,-7.288481611794221
47,2,9.03342300153745
47,0,12.642409753958237
47,14,4.257271425904944
47,3,9.978710459106358
47,63,9.29232163280204
47,7190,-3.2252315007053864
47,585,9.3151495622563
56,57,16.97417929014589
56,0,32.18033911412144
56,1453,
57,56,-16.97417929014589
57,197,2.3162031070537323
57,63,3.9434164716336326
57,0,7.516367117975634
57,3197,-5.332816411030098
57,438,-10.060695931687555
57,3,10.163649676015824
63,64,
63,153,-5.263944910780954
63,286,
63,309,-11.388227974479905
63,377,-4.693486957499325
63,389,
63,482,
63,438,
63,631,-10.584818487344059
63,692,
63,718,
63,773,
63,698,-6.508576891911777
63,468,-5.92390134079308
63,1404,-10.59618975614441
63,197,-2.93103700937776
63,1485,-8.020146573111777
63,1641,-25.63838693603956
63,1843,-20.029654738815417
63,2046,
63,2110,
63,1225,
63,246,-inf
63,2377,-6.586543536540637
63,2386,-9.839203788096944
63,2483,-7.721099188707185
63,2790,
63,173,-0.8858524555229345
63,3532,
63,3547,-8.96289600533726
63,3208,
63,3600,
63,847,-4.480191459589166
63,57,-3.9434164716336326
63,17,-4.530332322046478
63,4008,
63,4116,
63,1233,1.0375527458828524
63,4231,
63,4274,
63,4307,
63,4370,
63,3899,-5.321928094887363
63,4520,
63,4524,
63,800,
63,585,
63,4726,
63,47,-9.29232163280204
63,269,-10.632995197142957
63,5009,
63,5084,-5.094760252058916
63,1407,
63,473,0.5280842999499821
63,275,-9.036173612553485
63,5592,
63,210,
63,5935,
63,5979,
63,345,
63,6101,
63,1800,-7.965784284662087
63,2440,
63,2555,-9.86418614465428
63,4293,3.3075728019102923
63,484,9.929258408636972
63,1453,
63,6807,
63,6851,
63,2,-0.6925973745641207
63,467,-11.901244032467376
63,916,-11.619153487807916
63,247,-3.147643554066306
63,7251,
63,189,
63,14,-8.488767465577324
63,5522,
63,277,-7.3118744302234395
63,6802,
63,4863,-6.50635266602479
63,967,-8.804131021183318
63,7683,
63,1019,-10.990534870118084
63,657,-1.152724260688704
63,1615,-10.036173612553485
63,211,-8.372865060112588
63,2539,-8.458064782873391
63,458,-8.69296753459116
63,5715,-3.508900294901597
63,8683,1.3327890875191293
63,8752,
63,2357,-2.7845149456994926
63,115,-2.3153554409638764
63,759,
63,7307,
63,1036,-6.20945336562895
63,485,-8.652773409994444
63,68,-3.6876030947098184
63,9113,
63,401,
63,174,7.966756874441954
63,9399,
63,172,-9.938109326219239
63,89,-22.479282436321338
63,2300,-6.764228544243639
63,76,-1.164188938112661
63,3895,-7.980547637333827
63,4670,
63,2261,-11.88324341229341
63,5791,
63,373,
63,0,-0.1953096654439106
63,535,
63,1581,-9.167418145831737
63,1460,16.520543054655878
63,3,7.132411741642464
63,9522,
63,515,-5.682375002379101
63,1657,
63,8905,-9.965784284662087
63,8248,
63,75,7.197321689536998
63,985,-9.965784284662087
63,10333,
63,7725,
63,328,-14.584262271227471
63,1356,
63,1621,
63,278,-57.226211688665664
63,537,-19.654916483217175
63,513,-0.7069756337896117
64,63,
64,457,
64,513,7.643856189774724
64,484,
64,174,17.507896858681885
64,14,1.2314124261991224
64,698,
64,247,4.316027493447678
64,7073,
64,246,
64,0,9.5306176126286
64,197,5.36737106564853
64,3289,
68,25,
68,337,
68,458,-4.967432190065923
68,697,-7.643856189774724
68,1142,-10.164781250902196
68,800,
68,1657,
68,211,-9.829839150816998
68,277,-5.946418959795156
68,20,-40.86958997816586
68,14,-5.1578194552761225
68,847,2.867711751740832
68,1485,-4.191034028036411
68,2911,
68,624,-8.59245703726808
68,624,-37.57192554997219
68,174,11.600551719895664
68,4714,
68,2584,-8.053097968384689
68,17,
68,2815,
68,2246,-9.965784284662087
68,2,-0.938998927868075
68,197,-4.493085642360123
68,0,3.464323244416466
68,3,10.869901128815625
68,7811,
68,196,-9.114609952566113
68,8155,
68,2710,
68,2357,1.5484961921950033
68,2434,-11.885663500913893
68,5776,-3.321928094887362
68,2702,-9.02453810854276
68,3342,-8.382263758114837
68,1006,
68,63,3.6876030947098184
68,6104,-9.552669097514272
68,210,-10.467605550082997
68,7427,
68,484,
68,247,-0.3528872236078473
68,9495,-21.466644315354813
68,173,-12.154082534279025
75,76,-8.369863225552372
75,320,-9.965784284662087
75,505,-3.2011196230459062
75,1019,-18.19179707232599
75,1283,-11.66237140564194
75,1872,-9.985841937003341
75,2094,-4.247927513443585
75,2577,-9.965784284662087
75,2705,
75,0,-7.4001809224361255
75,3472,-12.829264419922227
75,17,
75,3480,-6.80857791635262
75,3554,
75,247,-10.998405898117069
75,3123,
75,760,-10.252391069499213
75,1563,-8.653988079500452
75,1510,-35.46769627572687
75,513,-8.21009080400663
75,5633,7.965784284662087
75,197,
75,6060,
75,4250,
75,830,
75,112,-10.253847484987404
75,615,-21.23478230899712
75,6086,12.946068803813011
75,2,
75,1956,
75,2733,
75,2656,
75,485,-9.92184093707449
75,3591,-9.965784284662087
75,3513,
75,473,
75,3,-0.0037350780771517344
75,3,-0.2643214521629693
75,1497,3.321928094887362
75,14,-15.69722097094019
75,174,0.7531834116845343
75,1501,-66.02698216027636
75,4105,
75,6824,-9.965784284662087
75,698,-13.480347549296678
75,401,-11.12088584278779
75,6230,-9.965784284662087
75,3476,
75,1657,-18.210104337776876
75,2674,
75,1903,
75,3082,
75,4305,-19.931568569324174
75,63,-7.197321689536998
75,2452,
75,4449,
75,747,
75,389,2.4323997893323597
76,75,8.369863225552372
76,197,-2.2545372291572536
76,0,0.9743219751037558
76,1019,-9.8190916902405
76,537,-9.965784284662087
76,210,
76,174,9.055002625823692
76,1460,9.965784284662087
76,309,-8.14692218216016
76,759,
76,247,
76,3,8.554588851677638
76,1596,
76,63,1.164188938112661
76,14,-7.158429362604483
76,800,
76,485,-7.478065273158448
82,83,-25.73820564521858
82,0,11.694882121295532
83,82,25.73820564521858
83,0,37.76862753215014
83,3800,
89,0,22.26348775360425
89,63,22.479282436321338
89,8626,9.965784284662087
89,17,12.156399144871584
111,112,
111,1843,
111,3590,
111,25,4.0
111,0,18.19908758828759
111,1695,-0.0
112,111,
112,800,-0.31360082766475117
112,1695,-8.96289600533726
112,830,-0.4892819374611737
112,4926,-0.0
112,75,10.253847484987404
112,4546,
112,0,14.785601726793514
115,0,4.0160219067639344
115,14,-4.736063627871814
115,585,
115,174,12.139469566756283
115,800,
115,3,11.470334228271206
115,197,1.4247492351975952
115,26,
115,2246,-8.965784284662087
115,63,2.3153554409638764
115,967,-7.380821783940931
115,328,-11.391720142192607
115,13,-10.34068292775648
115,2,1.672516886439364
115,210,
115,847,
153,63,5.263944910780954
153,174,16.74763256268238
153,1088,-6.087462841250339
153,980,-2.8088695626596025
153,0,8.6252950321784
153,5352,-8.380821783940931
171,172,3.8256402750853535
171,0,-20.733065815393644
172,171,-3.8256402750853535
172,3,21.10975925216344
172,196,-3.6259342817774622
172,2,9.965784284662087
172,0,11.41808643149336
172,63,9.938109326219239
172,847,9.294620748891626
173,174,9.722596095959577
173,247,-2.8468432119385794
173,636,-2.9050515959447374
173,473,13.270989084815605
173,1014,-1.690171382687265
173,1057,-7.965784284662087
173,318,-8.280770770130603
173,373,-6.640543961197868
173,278,-9.965784284662087
173,1314,-10.957102041562287
173,2680,-19.481875085042763
173,3047,-8.839203788096944
173,63,0.8858524555229345
173,3398,
173,3,9.987264012072538
173,513,0.23870224652349362
173,4608,
173,985,-10.509775004326936
173,211,-9.281410117475097
173,1485,
173,1088,-9.991521846075695
173,337,
173,2434,
173,628,5.162529503019082
173,0,1.6081728186652555
173,328,-9.965784284662087
173,6515,
173,3610,-10.57790351269851
173,2,0.11782296070271812
173,197,-1.093613050771492
173,7149,-11.00333512116023
173,5065,
173,275,-8.985841937003341
173,505,5.478047296804644
173,458,-6.904929052998918
173,2584,
173,809,
173,1338,
173,17,-3.8252768300548667
173,210,-10.451211111832329
173,389,11.684444927325508
173,430,11.181208079986376
173,484,9.965784284662087
173,4336,-6.647408574431545
173,3118,3.0929279061543995
173,68,12.154082534279025
174,173,-9.722596095959577
174,223,-21.606456417153186
174,358,-16.136035745202395
174,205,-9.965784284662087
174,534,-23.98332188606953
174,468,-14.20214193632837
174,26,-9.704634326246472
174,657,-9.394559061039441
174,960,-21.238976785239707
174,1207,-9.965784284662087
174,1501,-86.45008036017403
174,1563,-9.385215267954585
174,1338,-21.972898814145502
174,439,-9.995411650481143
174,1057,-18.11368997654771
174,374,-16.210301485833412
174,513,-9.184650582633804
174,2,-9.55664636709577
174,153,-16.74763256268238
174,17,-12.4523189736153
174,551,-17.69019762158178
174,328,-22.84703414125379
174,1485,-17.159353022490848
174,2555,-9.965784284662087
174,64,-17.507896858681885
174,1174,-32.78204642223575
174,800,-10.044394119358454
174,2584,-19.65043935658706
174,3134,-11.094018108665614
174,3197,-19.427081487201594
174,3233,-11.469641817239516
174,0,-8.136078602711807
174,1460,8.594125490272631
174,615,-21.66431689931365
174,115,-12.139469566756283
174,197,-10.853099416759932
174,4150,-19.52390053347572
174,269,
174,16,-16.98687347526439
174,3,-0.7434588394033865
174,1073,-26.50599111594277
174,277,-15.928688603767672
174,537,-27.757338245068073
174,1513,-24.976439574174695
174,3804,-16.552518065346487
174,5268,-9.965784284662087
174,76,-9.055002625823692
174,247,-11.713231366263505
174,3600,-21.83220892767684
174,68,-11.600551719895664
174,2726,-18.01866476873509
174,485,-16.541246413768302
174,430,1.4134740505762644
174,628,-4.399633683161647
174,624,-50.565359436223126
174,2523,-18.156806171840838
174,4157,-12.832528973311213
174,286,-13.150550205546313
174,337,-30.688090799898944
174,7514,-34.195300706253185
174,3785,-19.11402940106609
174,473,-8.116202097386605
174,458,-16.610475716983427
174,759,-14.739326199934695
174,5826,-9.965784284662087
174,1378,-14.849305405729108
174,5987,-19.050156611172323
174,75,-0.7531834116845343
174,2536,-18.43116754406184
174,1512,-25.723662781602787
174,25,
174,3390,-22.317779795551704
174,9249,
174,63,-7.966756874441954
174,1615,-27.183952971755183
174,210,-34.98058599924457
174,7808,-18.375042971499802
174,1540,-17.58347360811125
174,389,1.8893910410803338
174,246,-11.713884638811766
174,484,10.055551038231043
174,189,-10.347621368568134
174,8293,-2.833106069528817
174,10486,-7.380821783940931
174,1356,
174,698,-14.385886933385695
174,1596,-17.52824939966036
174,2300,-9.965784284662087
174,14,-16.388271302758756
174,847,-12.346168674622387
174,8008,-17.516091995833932
174,1468,-19.28779933173338
174,190,-15.114565573968775
177,0,12.763501497386889
177,4750,
189,190,4.715053523870884
189,0,12.630189657251103
189,877,0.2506574627285529
189,692,7.507794640198696
189,14,4.795859283219775
189,537,
189,4803,-5.442222328605074
189,63,
189,1695,
189,8962,
189,174,10.347621368568134
189,5747,-13.439701045971955
190,189,-4.715053523870884
190,3,
190,0,7.431065544481827
190,17,2.7487873026270506
190,174,15.114565573968775
196,197,
196,14,
196,2815,
196,172,3.6259342817774622
196,5584,
196,847,12.588714635582264
196,1485,
196,278,
196,0,16.55499212120022
196,68,9.114609952566113
196,20,-1.135261542292643
197,196,
197,473,
197,63,2.93103700937776
197,1513,
197,57,-2.3162031070537323
197,76,2.2545372291572536
197,585,9.111135670234708
197,17,
197,485,-5.817368480616169
197,711,
197,211,-6.965784284662087
197,3289,-10.172427508645482
197,768,-9.567610485797703
197,174,10.853099416759932
197,0,2.7228852799102397
197,3480,
197,1615,-9.965784284662087
197,4116,
197,75,
197,2,0.8311809357838569
197,68,4.493085642360123
197,484,
197,173,1.0936130507714923
197,1019,-8.097794813715469
197,115,-1.4247492351975952
197,1563,
197,458,-6.462706750670158
197,64,-5.36737106564853
197,14,-4.347052689042978
197,210,
197,6115,
197,537,-9.92035285541508
197,636,
197,3,10.126944198433355
197,847,-0.9913524513864885
205,0,12.890945589076333
205,174,9.965784284662087
210,211,11.521610132506035
210,3,9.954196310386875
210,1581,
210,438,9.88874324889826
210,1833,9.665335917185176
210,2235,
210,2924,
210,863,-2.9213901653036336
210,76,
210,1485,9.955649907528374
210,0,26.897097451499025
210,14,9.967226258835993
210,473,
210,63,
210,1174,
210,328,
210,1615,7.895033626120423
210,7531,
210,551,
210,197,
210,4444,9.598672880752062
210,173,10.451211111832329
210,174,34.98058599924457
210,1297,3.5140202069125226
210,68,10.467605550082997
210,2616,
210,115,
211,210,-11.521610132506035
211,585,22.244900382707463
211,14,6.767129101052675
211,1485,1.1576045214237798
211,1036,3.307367655053368
211,68,9.829839150816998
211,197,6.965784284662087
211,374,
211,173,9.281410117475097
211,3610,2.7798779674261827
211,384,-29.970136677750208
211,63,8.372865060112588
211,822,-0.0
211,1615,-9.655530723155643
211,1596,4.950957117307057
211,0,15.321023828062415
211,3,9.06339508128851
217,3,
217,711,
217,0,16.697126866781574
223,174,21.606456417153186
223,759,7.619427204331963
223,0,13.48287356627872
223,4517,-3.0716609851274463
246,247,11.971458807151647
246,63,inf
246,0,3.6093095622546967
246,2377,-5.717856771218502
246,3,9.786269627648466
246,64,
246,328,19.5003269134133
246,585,
246,174,11.713884638811766
247,246,-11.971458807151647
247,173,2.8468432119385794
247,513,7.709083812550344
247,535,
247,328,-13.19297454743567
247,980,7.965784284662087
247,1356,-1.666212821244321
247,2,2.250140060065105
247,1800,-5.390969739317014
247,337,-10.048486873992337
247,1540,
247,1404,-9.688250309133178
247,2726,
247,3520,-30.275376519207292
247,2434,
247,75,10.998405898117069
247,711,
247,928,7.158429362604483
247,3,10.992075645222403
247,1036,-7.199426967670897
247,3851,
247,174,11.713231366263505
247,505,8.234559538132732
247,2377,-1.2907637113538433
247,1563,
247,4105,
247,64,-4.316027493447678
247,1439,
247,63,3.147643554066306
247,3217,2.943627068676688
247,3600,
247,7962,
247,473,4.588494191691409
247,76,
247,8780,
247,8683,5.39091470507867
247,3683,
247,377,-2.551734540815392
247,458,-5.096861539252589
247,0,3.6100224383683686
247,68,0.35288722360784724
247,1460,
247,1485,-4.758599614629182
247,17,-0.730495492782666
253,254,
253,0,16.335682850509816
254,253,
254,1833,9.965784284662087
254,0,29.234038898532617
269,0,16.233185123439952
269,174,
269,63,10.632995197142957
275,3,8.971543553950772
275,14,3.766292265435718
275,484,10.279610581052484
275,63,9.036173612553485
275,173,8.98584193700334
275,2,9.074141462752506
275,0,20.176988614043363
277,278,
277,68,5.946418959795156
277,473,7.965784284662087
277,174,15.928688603767672
277,1700,-0.4513470629801567
277,17,
277,0,7.860614073882044
277,467,-10.17367713630342
277,2124,0.025535092107137648
277,3812,
277,3,10.260919533662905
277,537,-9.967226258835993
277,63,7.3118744302234395
277,377,1.9161684091965292
277,296,-11.434232978415146
277,1800,-2.3420038716520217
277,374,-0.27753397552890896
277,2434,
278,277,
278,537,
278,173,9.965784284662087
278,467,
278,3900,
278,847,
278,718,4.412607568839301
278,0,54.130812373286936
278,196,
278,3,10.023754353299417
278,17,
278,63,57.226211688665664
286,63,
286,513,5.643856189774724
286,0,5.143656368296949
286,17,-1.3087062642190763
286,174,13.150550205546313
296,0,20.85580431522437
296,277,11.434232978415146
309,63,11.388227974479905
309,585,20.67421206308851
309,3,11.140190703191836
309,0,12.232548194452324
309,473,9.495188808892932
309,76,8.14692218216016
309,328,-3.879583249612783
309,847,7.615664658321441
312,0,4.600515321431174
312,2733,-9.965784284662087
318,0,19.475653605753728
318,173,8.280770770130603
318,17,11.537218400538595
318,4038,
320,75,9.965784284662087
320,3292,2.149190895598996
328,329,39.873137783296706
328,401,-3.0935118859231445
328,247,13.19297454743567
328,740,20.29224738440816
328,14,
328,1501,
328,760,11.824230546718015
328,2261,5.857980995127572
328,174,22.84703414125379
328,3,16.078463569066578
328,1472,
328,439,9.554588851677638
328,628,10.101975670949232
328,536,
328,0,14.66576559612182
328,173,9.965784284662087
328,5009,
328,210,
328,1799,0.7652466309640443
328,7243,4.855051664088901
328,246,-19.5003269134133
328,17,32.73332941021084
328,4293,12.733782785923813
328,1833,6.7279204545632
328,365,
328,115,11.391720142192607
328,438,-2.757512971570292
328,309,3.879583249612783
328,7216,-0.012977853998209868
328,63,14.584262271227471
328,10333,
329,328,-39.873137783296706
329,0,14.123574300252194
329,3,27.251469166219948
329,585,
329,345,
337,68,
337,1137,
337,247,10.048486873992337
337,0,22.640307849528934
337,374,
337,173,
337,468,16.48206053163199
337,174,30.688090799898944
337,8339,
337,5685,8.640244936222345
337,7204,
339,0,4.434923752361272
339,3,
341,0,12.74445944343534
341,698,6.927456166002988
343,3,
343,0,8.290018846932618
345,346,
345,3,
345,1453,
345,847,
345,63,
345,0,-9.965784284662087
345,585,
345,1460,
345,2,
345,329,
346,345,
346,985,-9.965784284662087
346,473,
346,0,-7.260153553758606
346,3,-0.0
346,1833,
346,1460,
357,0,18.09029496801966
357,3,10.060695931687555
358,174,16.136035745202395
358,3683,-9.700439718141093
358,374,-0.10305118725782254
358,0,7.955865859032466
363,0,29.104516311866572
363,3,
364,0,
365,0,16.280364411505868
365,328,
370,0,17.35982066633831
370,2365,
370,1833,7.965784284662087
373,374,-0.8943219221054629
373,173,6.640543961197868
373,0,8.270093276965207
373,63,
373,6912,-11.942737412785362
374,373,0.8943219221054628
374,46,7.288481611794221
374,430,
374,174,16.210301485833412
374,337,
374,17,3.7771632827578974
374,211,
374,4151,9.278449458220482
374,358,0.10305118725782243
374,4530,0.6836543490672049
374,535,-28.891570663623014
374,5757,-2.5394346622904855
374,6037,2.5820799921880346
374,4116,
374,3610,-3.202742655232516
374,1057,-1.8995272113832282
374,1485,-0.5299014563108467
374,1596,2.8262329322632938
374,3197,-2.7878467631683903
374,0,8.04872018493485
374,11156,8.457380879072534
374,277,0.27753397552890896
375,0,-19.167795431814316
375,389,9.896332403909941
377,63,4.693486957499325
377,3147,
377,277,-1.9161684091965294
377,4105,-11.649256177517314
377,1485,
377,17,-0.07883668088307838
377,0,6.154164443352048
377,247,2.551734540815392
377,513,6.42746250905972
379,14,4.717856771218502
379,16,7.380821783940931
379,0,-19.925787665218436
379,3197,2.2584251525812045
384,0,3.321928094887362
384,822,8.422200440695965
384,211,29.970136677750208
386,0,-16.086263506181574
386,2115,-10.71853287606922
389,63,
389,890,-10.377210530388552
389,1447,-16.565177426959274
389,4554,-16.933978741089962
389,5024,-17.88025428712957
389,5179,-20.123659011890087
389,375,-9.896332403909941
389,1966,-9.938109326219239
389,6097,-6.523561956057013
389,174,-1.889391041080334
389,173,-11.684444927325508
389,0,-9.984286366008261
389,9191,9.431473482800666
389,3712,-9.965784284662087
389,1186,-14.229231590879499
389,75,-2.4323997893323597
401,328,3.0935118859231445
401,14,8.787902559391432
401,0,15.385323176175872
401,692,11.692179576312538
401,505,9.786269627648466
401,63,
401,75,11.12088584278779
430,14,
430,374,
430,174,-1.4134740505762644
430,0,-9.560180217734594
430,6651,
430,3,-1.5089521635957437
430,173,-11.181208079986376
430,17,-9.519636252843213
430,458,-9.965784284662087
438,439,10.036173612553485
438,63,
438,210,-9.888743248898258
438,672,
438,0,18.305867549631788
438,631,6.89654865138706
438,57,10.060695931687555
438,328,2.757512971570292
438,760,9.80896417491926
439,438,-10.036173612553485
439,174,9.995411650481143
439,328,-9.554588851677638
439,0,1.8699881994347438
439,760,-1.013704840360825
439,1799,-7.05528243550119
457,64,
457,0,9.46352437327118
458,14,2.1559735560597164
458,68,4.967432190065923
458,3,15.860393272593473
458,1174,-16.17151244597624
458,2584,-2.9527264755515756
458,0,8.478786749623124
458,4026,-1.2501396463817391
458,1485,-0.5071770901561552
458,3967,-1.700679984031616
458,174,16.610475716983423
458,197,6.462706750670158
458,2680,-6.7599195792598525
458,63,8.69296753459116
458,173,6.904929052998918
458,17,4.172272786896517
458,6396,-0.1637449914487969
458,247,5.096861539252589
458,430,9.965784284662087
467,468,
467,3,16.618270779580254
467,847,11.695010739653238
467,278,
467,3800,
467,3217,
467,277,10.17367713630342
467,63,11.901244032467376
467,0,17.373867716509587
467,537,-0.2132677481615546
467,3600,
468,467,
468,174,14.20214193632837
468,63,5.92390134079308
468,0,6.126986960606508
468,3710,
468,337,-16.48206053163199
473,474,-0.02473667832150655
473,173,-13.270989084815605
473,197,
473,1468,-4.680382065799839
473,346,
473,513,0.5456080620842707
473,0,-1.8109292751560269
473,0,-0.7356333859782955
473,17,-4.32650779465816
473,847,
473,277,-7.965784284662087
473,3,
473,210,
473,63,-0.5280842999499821
473,309,-9.49518880889293
473,2,
473,174,8.116202097386605
473,75,
473,1485,-8.364134655008051
473,2536,-10.28178667341783
473,8039,-0.010134377133713134
473,247,-4.588494191691409
473,8801,-9.965784284662087
474,473,0.024736678321506448
474,3,9.965784284662087
474,847,-4.152681277164584
474,0,-0.6466746868259696
474,0,-8.404680918539281
476,0,11.665584866424979
476,7576,
482,63,
482,0,32.63431844815247
484,485,-9.965784284662087
484,967,-9.965784284662087
484,537,
484,3,-10.239001757765582
484,64,
484,1852,
484,275,-10.279610581052484
484,0,-18.143470486356755
484,14,
484,1513,
484,2,-9.581200581924957
484,197,
484,628,
484,63,-9.929258408636972
484,16,
484,8293,
484,1563,
484,17,-9.965784284662087
484,759,
484,68,
484,174,-10.055551038231043
484,2175,-10.113742166049189
484,173,-9.965784284662087
485,484,9.965784284662087
485,513,7.111135670234707
485,1069,
485,759,
485,1415,2.6563471339579214
485,197,5.817368480616169
485,3214,
485,0,8.490094429453265
485,4000,-16.55272848402291
485,4150,-0.15091091091452058
485,5268,-1.0439433475875968
485,174,16.541246413768302
485,4884,-16.609640474436812
485,616,-4.370396804521838
485,704,-3.3724271539612
485,1513,1.5849625007211563
485,75,9.92184093707449
485,537,
485,3758,-9.965784284662087
485,8962,
485,4637,
485,63,8.652773409994444
485,760,5.459593807959009
485,9594,-7.158429362604483
485,967,-1.7759597257820698
485,3,12.303780748177102
485,6525,-9.965784284662087
485,14,0.032869991361697125
485,5288,
485,1657,-2.07240849552805
485,4336,
485,76,7.478065273158449
503,0,9.965784284662087
503,3,9.965784284662087
505,75,3.2011196230459067
505,692,9.923327485419192
505,0,-4.879145605125614
505,247,-8.234559538132732
505,173,-5.478047296804644
505,401,-9.786269627648466
513,247,-7.709083812550344
513,485,-7.111135670234707
513,64,-7.643856189774724
513,286,-5.643856189774724
513,174,9.184650582633804
513,473,-0.5456080620842706
513,173,-0.23870224652349376
513,75,8.21009080400663
513,0,0.8172025684891447
513,2,-0.3364276645824773
513,14,-6.620586410451877
513,1019,-9.999437206968139
513,3,8.481785844023975
513,537,-9.965784284662087
513,377,-6.42746250905972
513,63,0.7069756337896117
515,0,1.031708859727338
515,63,5.682375002379101
529,0,9.797063809893924
529,3,10.051208940914766
534,174,23.98332188606953
534,0,15.923451072958395
535,247,
535,0,3.3466295546477514
535,14,-2.706090704766429
535,374,28.891570663623014
535,63,
536,537,
536,328,
536,0,25.092362890253003
537,536,
537,484,
537,1375,
537,278,
537,76,9.965784284662087
537,0,19.579420388745778
537,1967,5.0464679175090446
537,174,27.757338245068073
537,189,
537,14,10.677719641641009
537,585,9.991521846075695
537,628,
537,4858,
537,277,9.967226258835993
537,17,9.894817763307943
537,7244,9.38586240064146
537,3147,8.08214904135387
537,485,
537,1800,8.837627933171404
537,2215,-1.4150374992788437
537,513,9.965784284662087
537,4498,9.965784284662087
537,467,0.21326774816155455
537,197,9.92035285541508
537,3,18.768798156458526
537,847,11.053925881531105
537,3148,9.019590728357882
537,6716,
537,2702,7.368655026530751
537,1513,10.27262978497637
537,3900,9.965784284662087
537,63,19.654916483217175
540,0,-9.965784284662087
540,9919,3.193147355123534e-05
551,174,17.69019762158178
551,3,
551,0,9.596479213056712
551,847,5.285402218862249
551,1512,-6.058893689053568
551,921,
551,210,
551,14,1.2691629854141215
551,3184,
568,0,-13.282074868584086
568,26,
568,759,
585,211,-22.244900382707463
585,1487,9.965784284662087
585,197,-9.111135670234708
585,1833,-9.965784284662087
585,1460,9.965784284662087
585,2376,-18.051862263454105
585,115,
585,309,-20.67421206308851
585,17,
585,3,0.8278875964604976
585,3,-0.16397952864718562
585,4447,-1.1811494391045665
585,63,
585,537,-9.991521846075695
585,7190,-9.074141462752506
585,924,
585,246,
585,345,
585,329,
585,14,-10.694357887221452
585,0,-7.373140741345806
585,47,-9.3151495622563
585,1036,-10.229203357886744
586,587,1.9279223219558321
586,8274,-3.023269779322847
586,664,0.7763514226931265
586,0,35.2457879937815
587,586,-1.9279223219558321
587,0,32.85470111926042
612,0,18.930396087766987
612,2597,
615,616,3.578544773026265
615,1685,0.2986727425870594
615,921,-10.828280760912152
615,174,21.66431689931365
615,14,5.120027592541224
615,3,10.517669388133811
615,75,21.23478230899712
615,0,13.531165471413287
615,4032,-8.371621817493063
615,698,
616,615,-3.578544773026265
616,485,4.370396804521838
616,4637,-1.7606168136930265
616,0,9.598662892652085
621,622,1.5849625007211563
621,0,20.858955530554773
622,621,-1.584962500721156
622,0,33.99793030378796
624,25,
624,68,8.59245703726808
624,68,37.57192554997219
624,174,50.565359436223126
624,0,42.48578367230398
624,4714,5.293052022354329
628,629,8.871092288200128
628,0,-3.506375797315041
628,2835,-9.965784274563232
628,14,
628,328,-10.101975670949232
628,173,-5.162529503019082
628,174,4.399633683161647
628,484,
628,537,
628,2592,-6.965271235211129
629,628,-8.871092288200128
629,4965,17.442496944716172
629,0,-12.159466125257863
629,3851,0.02039178883117799
631,63,10.584818487344059
631,0,10.433298345471423
631,438,-6.896548651387059
636,173,2.9050515959447374
636,0,11.104504787536515
636,1799,-6.658211482751795
636,3624,4.904523581064602
636,760,8.659698644043042
636,197,
657,174,9.394559061039441
657,63,1.152724260688704
657,0,-12.880483885863644
657,8683,1.4659383975788818
657,8621,
663,0,7.775776412721812
663,2637,
663,1112,
663,1111,
664,0,20.264780463225375
664,586,-0.7763514226931265
672,3,9.379378367071261
672,0,17.86852572752629
672,438,
672,1170,1.0014419741739065
672,2857,6.624766982142215
672,760,10.16867211813223
672,13,
676,677,-0.00040225596361102747
676,2025,0.0019503386781591448
676,2632,0.02030171510115683
676,0,23.238874092971255
677,676,0.00040225596361097076
677,2025,5.522708178253508e-07
677,2632,0.021105410556322694
677,0,22.928982323097376
692,63,
692,505,-9.923327485419192
692,189,-7.507794640198696
692,401,-11.692179576312538
697,68,7.643856189774724
697,0,8.380821783940931
698,63,6.508576891911777
698,0,6.349157150164181
698,1185,-2.955696192551521
698,64,
698,6856,
698,1186,2.456593929547118
698,6651,
698,8371,
698,75,13.480347549296678
698,615,
698,6740,1.977817380213985
698,174,14.385886933385693
698,341,-6.927456166002988
704,0,11.82256948243197
704,485,3.3724271539612
711,217,
711,17,14.140156029419627
711,1598,
711,197,
711,247,
711,0,18.398561164241382
718,63,
718,278,-4.412607568839301
718,0,49.402094915873064
726,727,
726,0,32.48473960108386
727,726,
727,1823,-10.373952655370193
727,0,1.7395783247246552
727,8331,3.171732113137651
740,328,-20.29224738440816
740,0,4.7609451591737315
744,0,-10.059344460824425
744,964,59.80208279002838
747,0,
747,75,
757,0,21.82706191531873
757,8733,
759,760,1.8073549220576042
759,485,
759,2363,
759,223,-7.619427204331963
759,3292,
759,4545,
759,14,
759,4620,-9.681238411777805
759,0,6.691622938587436
759,568,
759,174,14.739326199934695
759,76,
759,63,
759,484,
759,5256,-10.64745842645492
759,5268,
760,759,-1.8073549220576042
760,1657,-8.39950641900407
760,328,-11.824230546718015
760,672,-10.16867211813223
760,75,10.252391069499213
760,636,-8.659698644043042
760,0,2.832244090470603
760,3900,-3.8996950942043145
760,439,1.0137048403608249
760,485,-5.459593807959009
760,438,-9.80896417491926
768,0,12.265781458189943
768,197,9.567610485797704
773,63,
773,2,9.965784284662087
773,0,2.0354646806548033
788,0,8.174925682500678
788,6627,-7.646728033986111
800,0,14.816605662765726
800,1695,
800,68,
800,112,0.31360082766475106
800,3,9.955649907528374
800,174,10.044394119358454
800,63,
800,115,
800,1376,9.965784284662087
800,76,
805,0,13.287712379549449
805,3221,
809,0,
809,173,
822,384,-8.422200440695965
822,211,-0.0
822,8626,9.965784284662087
822,0,23.253496664211536
830,0,15.228838658314508
830,112,0.4892819374611737
830,75,
847,0,4.238666100459187
847,467,-11.695010739653238
847,1485,-6.327466278428792
847,345,
847,68,-2.8677117517408326
847,473,
847,63,4.480191459589166
847,1468,-0.034765418160676624
847,474,4.152681277164584
847,278,
847,551,-5.285402218862249
847,5402,-3.4140462968757936
847,196,-12.588714635582264
847,3,11.220378327695228
847,8683,3.058333310316327
847,172,-9.294620748891626
847,537,-11.053925881531105
847,309,-7.615664658321441
847,115,
847,3217,
847,197,0.9913524513864886
847,14,-4.030743071233806
847,174,12.346168674622387
857,0,4.566208155819385
857,1843,-15.496797821187428
861,0,9.89026427702111
861,8634,
862,863,
862,0,53.224371977049636
863,862,
863,3,10.071462362556625
863,210,2.9213901653036336
863,4444,8.228818690495881
863,0,36.726015356300934
877,0,20.390935456484073
877,189,-0.2506574627285528
890,389,10.377210530388552
890,0,5.303050084681673
916,917,0.3452014614390992
916,63,11.619153487807916
916,0,11.971209526738086
916,14,2.4810082682608345
916,2434,-9.29615145995394
917,916,-0.34520146143909924
917,0,11.976171999470692
921,0,11.66266837551754
921,615,10.828280760912152
921,14,11.696098170955864
921,551,
924,3,
924,585,
928,3,
928,247,-7.158429362604483
928,0,-3.650735662159617
960,174,21.238976785239707
960,0,13.337524019965361
960,17,
960,1833,3.365871442474959
964,0,-9.965784284662087
964,744,-59.80208279002838
967,484,9.965784284662087
967,1843,
967,63,8.804131021183318
967,115,7.380821783940931
967,0,10.494511203855332
967,485,1.7759597257820698
976,3,20.44266192799534
976,0,9.965784284662087
980,247,-7.965784284662087
980,153,2.8088695626596025
980,0,-21.188001994067452
985,346,9.965784284662087
985,3,10.286557761607957
985,173,10.509775004326936
985,14,29.89157274365148
985,0,-19.925787665218436
985,63,9.965784284662087
1006,3,
1006,0,12.114718389188427
1006,68,
1014,173,1.690171382687265
1014,0,3.048363021561399
1019,75,18.19179707232599
1019,2,9.385785229586219
1019,76,9.8190916902405
1019,197,8.097794813715469
1019,513,9.999437206968139
1019,63,10.990534870118084
1019,0,10.81014866012975
1036,211,-3.3073676550533686
1036,1356,-0.2465119499211316
1036,247,7.199426967670897
1036,3,10.099347810403193
1036,4293,
1036,63,6.20945336562895
1036,2377,0.6500299573949252
1036,585,10.229203357886744
1036,0,10.588354614633978
1057,173,7.965784284662087
1057,174,18.11368997654771
1057,1485,0.9273081141534976
1057,17,5.59220839846719
1057,5832,
1057,4150,-1.4624254361985662
1057,374,1.8995272113832282
1057,0,9.967559766170293
1066,17,0.10360304493899476
1066,0,4.3946683232486095
1069,0,12.163502173337285
1069,485,
1069,17,7.870503855985174
1069,1460,28.73058136735822
1069,3400,2.655170284748424
1069,3,9.965784284662087
1069,3800,
1069,3217,6.589055255355039
1072,0,1.383237385547252
1072,1532,
1073,17,13.958723412259696
1073,174,26.50599111594277
1073,0,18.333530730781767
1088,0,13.232555836239737
1088,1894,-1.5145731728297582
1088,153,6.087462841250339
1088,173,9.991521846075695
1088,3,9.965784284662087
1095,3,18.468425654111023
1095,0,11.15741778847232
1096,3,
1096,4637,7.556293157889886
1096,0,23.890522642758107
1111,1112,
1111,663,
1111,0,-3.321928094887362
1112,1111,
1112,663,
1112,0,-11.601263795451954
1137,337,
1137,0,-27.56964241374734
1142,68,10.164781250902196
1142,0,15.294050241562765
1142,2434,13.287712379549449
1142,2517,
1142,9819,
1144,1145,4.810785827457877
1144,4517,2.000985379003315
1144,0,18.14682178109582
1145,1144,-4.810785827457877
1145,0,2.402637887264306
1145,10180,-11.873251842902127
1170,0,8.519636252843213
1170,672,-1.0014419741739062
1174,0,24.72704008430468
1174,458,16.17151244597624
1174,174,32.78204642223575
1174,210,
1174,17,
1174,4026,14.972244059966247
1185,1186,6.086400315590745
1185,698,2.955696192551521
1186,1185,-6.086400315590746
1186,6740,-2.628799105424097
1186,698,-2.4565939295471186
1186,6856,-16.7484120551908
1186,3595,-5.561472754811954
1186,7196,
1186,389,14.229231590879499
1186,0,3.9924902157147626
1190,0,23.430817535996063
1190,5084,16.824301560124976
1207,174,9.965784284662087
1207,0,13.613907781311212
1207,17,9.310336939774725
1207,3134,
1222,0,
1225,0,-26.569642420989783
1225,63,
1233,17,
1233,2539,-9.959802623384135
1233,63,-1.0375527458828526
1233,0,0.006996325652290647
1246,0,8.997179480937621
1246,6167,
1283,75,11.66237140564194
1283,0,3.8612256280693917
1297,5145,1.1679166604344042
1297,210,-3.5140202069125226
1299,1300,-32.222105863640756
1299,2637,-0.0
1300,1299,32.222105863640756
1300,4054,27.8498041385267
1300,2637,32.219288438395324
1300,0,9.82972273809167
1302,0,10.189633123043167
1302,3,
1314,0,9.964340867792417
1314,173,10.957102041562287
1329,0,-3.1742509268451022
1338,2,10.432541900388259
1338,174,21.972898814145502
1338,1615,
1338,1460,10.0
1338,3,9.92481250360578
1338,3390,-2.180249531169859
1338,8125,-9.965784284662087
1338,0,13.846551995608746
1338,173,
1356,247,1.666212821244321
1356,1485,-1.7444407147283527
1356,3194,4.047440994917317
1356,1036,0.2465119499211318
1356,4293,9.092757140919852
1356,4417,
1356,0,10.515854051741636
1356,2377,0.4040663814578406
1356,17,6.117396258857467
1356,7808,-4.498605468744036
1356,9240,1.380821783940931
1356,174,
1356,63,
1375,537,
1375,0,9.69522829149575
1376,1377,-0.0
1376,0,-9.985841937003341
1376,3,-8.965784284662087
1376,800,-9.965784284662087
1376,14,-9.936637939002571
1376,1460,2.0
1377,1376,-0.0
1377,1460,-0.0
1378,3,14.487077655525779
1378,0,6.716100559123756
1378,174,14.849305405729108
1378,1833,-0.7046360869606408
1404,63,10.59618975614441
1404,247,9.688250309133178
1404,0,17.774982167251363
1407,0,
1407,3,
1407,63,
1414,1415,9.198445041452363
1414,0,17.56125678811216
1415,1414,-9.198445041452363
1415,485,-2.6563471339579214
1420,0,9.965784284662087
1420,3,9.964340867792417
1439,0,15.194896243043384
1439,3800,
1439,247,
1439,2357,-5.044394119358453
1447,0,6.555632637950238
1447,389,16.565177426959274
1453,345,
1453,3,
1453,63,
1453,56,
1453,0,-6.13638702386419
1460,0,-16.717915647627667
1460,1743,-28.34804946969951
1460,585,-9.965784284662087
1460,1377,-0.0
1460,14,
1460,174,-8.594125490272631
1460,2,-13.80624751853163
1460,1338,-10.0
1460,76,-9.965784284662087
1460,5610,
1460,1069,-28.73058136735822
1460,346,
1460,345,
1460,2377,-10.122827994807666
1460,63,-16.520543054655878
1460,3,-9.307717739016214
1460,1376,-2.0
1460,4520,-9.396604781181859
1460,247,
1468,473,4.680382065799838
1468,0,11.185169440057297
1468,847,0.03476541816067664
1468,14,-1.4637489137520756
1468,174,19.28779933173338
1472,328,
1472,0,6.500570313430783
1473,0,14.111543245749719
1473,3217,18.745401236804298
1485,1356,1.744440714728353
1485,211,-1.1576045214237798
1485,2,8.960001932068081
1485,63,8.020146573111775
1485,1057,-0.9273081141534978
1485,847,6.327466278428792
1485,0,9.012013702816533
1485,174,17.159353022490848
1485,210,-9.955649907528374
1485,3812,
1485,68,4.191034028036411
1485,173,
1485,3,16.574067520634205
1485,196,
1485,458,0.507177090156155
1485,473,8.364134655008051
1485,374,0.5299014563108467
1485,377,
1485,17,4.696673733015006
1485,247,4.758599614629182
1487,585,-9.965784284662087
1487,0,-23.626422337698052
1487,3,-9.965784284662087
1497,0,-10.791083955780795
1497,75,-3.321928094887362
1501,174,86.45008036017403
1501,328,
1501,0,73.60596546368316
1501,75,66.02698216027636
1501,2790,9.965784284662087
1510,1511,
1510,75,35.46769627572687
1510,0,8.264442600226602
1510,14,
1511,1510,
1511,0,15.856582754971555
1511,1833,
1512,1513,-1.8643364732900174
1512,14,8.952741247186488
1512,0,17.518937454325332
1512,551,6.058893689053568
1512,174,25.723662781602787
1512,6257,-8.965784284662087
1513,1512,1.8643364732900176
1513,197,
1513,484,
1513,174,24.97643957417469
1513,485,-1.584962500721156
1513,1700,-2.632528183973212
1513,0,14.227941786436736
1513,8801,
1513,537,-10.27262978497637
1532,0,10.76553842393536
1532,5603,
1532,1072,
1540,0,9.618792440499218
1540,247,
1540,174,17.58347360811125
1563,174,9.385215267954585
1563,17,-3.0483177260654437
1563,14,-6.288481611794221
1563,75,8.653988079500452
1563,0,1.2555458315951271
1563,247,
1563,197,
1563,484,
1581,210,
1581,0,32.78991670987149
1581,6826,-10.442943495848729
1581,63,9.167418145831737
1596,0,9.470797152988181
1596,5685,0.3741048960273425
1596,3414,
1596,1695,
1596,2114,-12.540656713944278
1596,374,-2.8262329322632933
1596,76,
1596,211,-4.950957117307057
1596,174,17.52824939966036
1598,711,
1598,2486,9.965784284662087
1598,0,29.13163008648632
1615,1338,
1615,3,9.878050912728536
1615,0,19.08483762140885
1615,197,9.965784284662087
1615,1833,9.965784284662087
1615,3134,10.092757140919852
1615,210,-7.895033626120423
1615,63,10.036173612553485
1615,211,9.655530723155643
1615,174,27.183952971755183
1621,0,9.623881490013458
1621,63,
1640,1641,-1.197434399249735e-05
1640,2891,-2.8623224459782574e-10
1641,1640,1.1974343992558467e-05
1641,63,25.63838693603956
1641,0,29.894231115294204
1641,2891,2.052741642012458e-05
1641,17,21.34825337492587
1648,14,-5.011389417255721
1657,760,8.39950641900407
1657,68,
1657,2486,6.646728607966577
1657,0,11.079268070996207
1657,14,
1657,3,
1657,6999,
1657,75,18.210104337776876
1657,63,
1657,485,2.07240849552805
1677,0,-13.287712379549449
1677,2625,0.17424668730250392
1685,615,-0.2986727425870593
1685,0,12.58180457672199
1686,0,-22.87262408793808
1686,3717,3.700439718141092
1687,0,-19.874430266604158
1687,6932,-0.9702977962228011
1692,0,12.544970257578328
1692,4312,-9.965784284662087
1692,3785,1.276184806722181
1695,800,
1695,112,8.96289600533726
1695,14,
1695,1596,
1695,0,29.24698656980596
1695,189,
1695,111,-0.0
1700,1701,
1700,277,0.45134706298015664
1700,0,8.526181383297
1700,1513,2.632528183973212
1701,1700,
1701,0,7.58827360763341
1730,0,14.159792516058786
1730,14,
1743,1460,28.34804946969951
1743,1843,
1743,0,11.530748946739994
1747,0,
1747,14,
1759,1760,3.49145615577319
1759,0,14.858465623647772
1759,4609,7.808954043052075
1760,1759,-3.49145615577319
1760,0,11.360833802284015
1799,636,6.658211482751795
1799,328,-0.7652466309640442
1799,0,17.663054779480213
1799,439,7.05528243550119
1800,247,5.390969739317014
1800,3184,
1800,63,7.965784284662087
1800,17,5.265044584082276
1800,537,-8.837627933171404
1800,25,
1800,277,2.3420038716520217
1800,0,9.445651400873768
1804,14,-10.027905996569885
1804,0,-3.0251459580560542
1812,14,
1812,0,
1823,727,10.373952655370193
1823,0,13.963773548387403
1823,4839,-2.9911689643227377
1827,0,9.965784284662087
1827,3,
1833,210,-9.665335917185176
1833,585,9.965784284662087
1833,2591,-6.265344566520995
1833,0,8.476543706214256
1833,14,-1.5864015981381285
1833,3670,-1.6869091591199745
1833,254,-9.965784284662087
1833,4150,-3.795859283219775
1833,3005,-1.1878154100097031
1833,3,9.951284714966972
1833,1615,-9.965784284662087
1833,370,-7.965784284662087
1833,960,-3.3658714424749596
1833,1511,
1833,328,-6.727920454563199
1833,346,
1833,1378,0.7046360869606406
1843,63,20.029654738815417
1843,111,
1843,967,
1843,1743,
1843,3,9.965784284662087
1843,0,19.731727714830466
1843,857,15.496797821187428
1852,484,
1852,2175,1.7625159628347609
1872,75,9.98584193700334
1872,0,
1894,1088,1.5145731728297582
1894,3,12.90450949816766
1894,0,12.877636938674293
1902,1903,
1902,0,16.665604827768565
1903,1902,
1903,0,46.46197010513586
1903,75,
1930,0,3.7975591429158797
1930,14,-3.514353233041103
1930,3,11.580756193021259
1955,1956,-38.73167724043953
1955,0,-9.975847968006784
1956,1955,38.73167724043953
1956,3,
1956,75,
1956,0,9.79766152585376
1963,0,-3.4127116966779316
1963,5728,6.7173447563250095
1966,0,-13.562965836044796
1966,389,9.938109326219239
1967,0,14.932461285945461
1967,537,-5.0464679175090446
1967,3282,11.177256525960136
1967,3,20.79744665878314
1970,0,22.76739615376885
1979,3,
1979,14,
1979,0,16.084413254186497
1989,0,5.722142928066013
1989,2300,-1.144873629386945
2025,677,-5.522708176793202e-07
2025,676,-0.0019503386781593351
2025,0,23.20870062023176
2025,2857,9.965784284662087
2025,2632,0.017772414176878915
2044,0,24.533803496814134
2044,14,10.50084187955693
2046,63,
2046,0,9.914385132155443
2094,75,4.247927513443585
2094,0,-2.3256434958140084
2096,0,9.566054038171092
2096,6396,9.965784284662087
2110,63,
2110,0,10.600842114387302
2113,2114,1.9434164716336324
2113,0,17.751801933058903
2114,2113,-1.9434164716336326
2114,1596,12.540656713944278
2114,0,20.40337248314991
2115,386,10.71853287606922
2115,0,-1.7102403489923368
2124,0,8.986366071040505
2124,277,-0.025535092107137478
2175,0,
2175,1852,-1.7625159628347606
2175,484,10.113742166049189
2176,14,
2176,0,
2190,2191,-10.029287226968245
2190,3342,2.9559990034127397
2190,0,7.964127866442226
2191,2190,10.029287226968245
2191,3812,-1.7938639281923796
2191,0,25.04085736110795
2215,0,31.321943773664113
2215,3422,19.471496098617422
2215,537,1.415037499278844
2215,3910,10.20143202717731
2235,210,
2235,0,26.211089081943577
2245,0,9.837627933171404
2246,2,9.965784284662087
2246,68,9.965784284662087
2246,115,8.965784284662087
2246,0,10.116343961237469
2261,328,-5.857980995127572
2261,63,11.88324341229341
2261,0,11.636342914082336
2274,0,-9.965784284662087
2274,7069,0.003797366487567098
2300,1989,1.1448736293869448
2300,0,6.515836318352498
2300,17,2.245298651193144
2300,63,6.764228544243639
2300,8905,
2300,174,9.965784284662087
2349,0,8.257387842692651
2350,0,7.98299357469431
2350,3292,
2357,3,10.894059846274022
2357,0,21.038307711203547
2357,68,-1.5484961921950036
2357,63,2.7845149456994926
2357,1439,5.044394119358453
2363,759,
2363,0,6.572837949221061
2365,0,9.829722735086058
2365,370,
2376,585,18.051862263454105
2376,0,6.643856189774724
2377,63,6.586543536540637
2377,4293,9.199672344836365
2377,246,5.717856771218502
2377,247,1.2907637113538433
2377,4417,-8.44190670454224
2377,1356,-0.40406638145784074
2377,0,21.709130874582705
2377,1460,10.122827994807666
2377,1036,-0.6500299573949253
2377,3,9.965784284662087
2386,63,9.839203788096944
2386,0,18.436687943441868
2399,2400,
2399,0,41.8848907253356
2400,2399,
2400,0,31.62910778059798
2434,1142,-13.287712379549449
2434,247,
2434,4566,
2434,173,
2434,5925,3.2558416315395355
2434,3,10.576160415681949
2434,2517,-1.1447612578256163
2434,6542,-0.0
2434,68,11.885663500913893
2434,916,9.29615145995394
2434,0,12.906280070605689
2434,277,
2436,0,9.965784284662087
2436,14,
2440,3,
2440,63,
2440,0,13.410252604023274
2452,0,4.820160883870661
2452,75,
2483,63,7.721099188707185
2483,0,12.071462362556625
2486,1657,-6.646728607966577
2486,0,3.7039475562723045
2486,1598,-9.965784284662087
2513,0,21.775298968276477
2513,2857,11.723656477096322
2513,2,21.428088853326106
2517,1142,
2517,17,9.826548487290914
2517,2434,1.1447612578256163
2517,3,
2517,0,17.434536976105786
2523,0,5.790958612012601
2523,174,18.156806171840838
2536,17,5.9396977930503505
2536,473,10.28178667341783
2536,0,10.265574948754173
2536,174,18.43116754406184
2539,1233,9.959802623384135
2539,17,
2539,63,8.458064782873391
2539,0,11.600250125366188
2555,174,9.965784284662087
2555,63,9.86418614465428
2555,6878,9.965784284662087
2555,0,2.6459144515110746
2577,75,9.965784284662087
2577,0,6.9746261452512694
2584,0,11.496901785057595
2584,458,2.9527264755515756
2584,174,19.65043935658706
2584,68,8.053097968384689
2584,173,
2591,1833,6.265344566520995
2591,0,14.734061967954386
2591,2815,
2591,3,
2592,0,3.1488171627262025
2592,628,6.965271235211129
2597,0,
2597,612,
2616,0,9.938109326219239
2616,210,
2625,0,-13.287712379549449
2625,1677,-0.17424668730250387
2631,0,22.278992858722884
2631,9236,16.788351435802767
2632,677,-0.02110541055632285
2632,676,-0.020301715101156952
2632,3189,0.47234885928126946
2632,0,22.72204826149771
2632,2025,-0.01777241417687883
2637,663,
2637,1299,-0.0
2637,1300,-32.219288438395324
2656,0,6.274335646985318
2656,75,
2674,0,-8.623701598025189
2674,75,
2680,173,19.481875085042763
2680,0,16.770818724516623
2680,458,6.7599195792598525
2702,0,12.071197761521232
2702,5335,
2702,68,9.02453810854276
2702,537,-7.368655026530751
2705,75,
2705,0,
2710,0,26.186838864701112
2710,68,
2726,247,
2726,174,18.01866476873509
2726,0,9.562328537176647
2733,312,9.965784284662087
2733,0,8.997179480937621
2733,75,
2790,63,
2790,7869,-8.290422860606748
2790,1501,-9.965784284662087
2790,0,-5.638656431808959
2807,5584,23.766650319194817
2807,0,28.127057979953875
2815,196,
2815,2591,
2815,68,
2815,0,11.164906926675688
2835,628,9.965784274563232
2857,672,-6.624766982142214
2857,2513,-11.723656477096322
2857,0,9.597686552217052
2857,2025,-9.965784284662087
2891,1641,-2.05274164201668e-05
2891,1640,2.862320844832893e-10
2910,2911,
2910,0,16.350283967674347
2910,3421,
2910,3971,
2910,7816,1.4085614037482606
2911,2910,
2911,68,
2911,0,20.26564430721286
2921,0,8.199672344836365
2921,3279,
2924,210,
2924,8570,
2924,0,9.60733031374961
2949,0,8.263660439708183
2994,2995,0.04256671920169797
2994,0,24.269247737850407
2995,2994,-0.04256671920169789
2995,4380,10.297783653415102
2995,0,9.89026427702111
3005,0,9.31741261376487
3005,1833,1.1878154100097031
3047,173,8.839203788096944
3047,0,9.965784284662087
3071,0,11.165535141377925
3071,7636,-0.0028020793026152244
3082,0,
3082,75,
3087,0,-6.759326422008392
3087,3967,-9.965784284662087
3111,0,58.14640686762572
3111,16,
3118,17,6.965784284662087
3118,0,9.04419927344362
3118,173,-3.0929279061543995
3123,0,
3123,75,
3134,174,11.094018108665614
3134,0,2.9822790181537284
3134,1615,-10.092757140919852
3134,1207,
3147,3148,-10.534221811675991
3147,0,5.154236070653224
3147,377,
3147,537,-8.08214904135387
3148,3147,10.534221811675991
3148,0,10.214115086432045
3148,537,-9.019590728357882
3151,3,7.965784284662087
3151,0,29.891570515877145
3184,1800,
3184,0,12.34817901198384
3184,551,
3189,0,-2.3878720774784465
3189,2632,-0.4723488592812694
3194,1356,-4.047440994917317
3194,0,5.946254838492516
3197,174,19.427081487201594
3197,0,11.340744063246177
3197,57,5.332816411030098
3197,374,2.7878467631683903
3197,379,-2.2584251525812045
3202,0,9.809735991399029
3202,3,
3208,0,9.937186560431915
3208,63,
3214,485,
3214,0,-1.4848565860788554
3217,1473,-18.745401236804298
3217,0,4.994230943153015
3217,467,
3217,6716,
3217,247,-2.9436270686766877
3217,847,
3217,1069,-6.589055255355039
3221,805,
3221,3,
3221,0,
3233,174,11.469641817239516
3233,0,23.878556679119626
3279,0,9.283088353024002
3279,2921,
3282,0,7.805686460598905
3282,1967,-11.177256525960136
3289,197,10.172427508645482
3289,0,13.054815412999924
3289,64,
3289,14,
3292,759,
3292,0,13.7474632180012
3292,320,-2.1491908955989962
3292,6477,-5.107803289534515
3292,2350,
3294,0,12.408890078405744
3294,3967,2.4614856283396853
3341,3342,1.9709839261398308
3341,3662,
3341,0,8.794415866350105
3342,3341,-1.9709839261398305
3342,2190,-2.9559990034127392
3342,2,7.148052820964806
3342,0,14.06213669959477
3342,68,8.382263758114837
3390,0,14.056837157961702
3390,1338,2.180249531169859
3390,174,22.317779795551704
3398,173,
3398,0,16.08310042087291
3400,0,9.526170493085395
3400,1069,-2.6551702847484244
3414,0,6.405192114379832
3414,1596,
3421,2910,
3421,0,-18.55157684759928
3421,3,
3422,2215,-19.471496098617422
3422,3910,-9.380708084125864
3422,0,1.1456053222468994
3472,75,12.829264419922227
3472,0,5.484602754168266
3476,0,8.829722735086058
3476,75,
3480,75,6.80857791635262
3480,197,
3480,6706,-7.380821783940931
3480,0,-0.6342143792345258
3491,10,0.000287370541328253
3491,0,9.606592784891978
3513,0,-11.219696126403381
3513,75,
3513,2,
3520,247,30.275376519207292
3520,0,43.83882031295792
3525,0,13.417428919358391
3525,8632,-0.0
3532,63,
3532,0,
3547,63,8.96289600533726
3547,0,10.686538132082074
3554,75,
3554,0,-0.824890140007034
3590,111,
3590,0,9.881113960675096
3591,0,14.956043812383086
3591,75,9.965784284662087
3595,0,9.960001932068081
3595,1186,5.561472754811954
3600,63,
3600,174,21.83220892767684
3600,0,13.664790159178406
3600,247,
3600,467,
3610,0,11.829182266149555
3610,211,-2.7798779674261827
3610,173,10.57790351269851
3610,374,3.202742655232516
3624,636,-4.904523581064602
3624,0,-19.925836912954317
3662,3341,
3662,0,8.900866807980748
3670,1833,1.6869091591199745
3670,0,9.841564347730575
3683,358,9.700439718141093
3683,0,22.71160372401144
3683,247,
3710,468,
3710,0,-5.830520339223766
3712,0,1.7962803875087903
3712,389,9.965784284662087
3717,1686,-3.700439718141092
3717,0,-28.944646385665482
3758,0,16.609640474436812
3758,485,9.965784284662087
3785,17,6.405069330187608
3785,0,10.704914486271397
3785,174,19.11402940106609
3785,1692,-1.276184806722181
3800,1439,
3800,83,
3800,467,
3800,1069,
3800,0,-16.38258523961437
3804,0,9.255068698105513
3804,174,16.552518065346487
3812,0,28.390914620672557
3812,1485,
3812,2191,1.7938639281923796
3812,277,
3851,247,
3851,0,-23.70328441523972
3851,629,-0.02039178883117786
3864,0,-6.795230578791516
3864,9716,
3893,0,-18.035934746193664
3893,17,-9.992938336165814
3895,0,8.221096472965627
3895,63,7.980547637333827
3899,0,
3899,63,5.321928094887363
3900,0,8.360211032025099
3900,278,
3900,760,3.8996950942043145
3900,537,-9.965784284662087
3900,3,
3905,0,12.613276360276787
3905,14,4.337905373961804
3910,3422,9.380708084125864
3910,2215,-10.20143202717731
3967,0,10.127442598611825
3967,3294,-2.4614856283396853
3967,458,1.700679984031616
3967,3087,9.965784284662087
3971,0,
3971,2910,
4000,0,8.581200581924957
4000,485,16.55272848402291
4008,63,
4008,0,9.879583249612784
4026,458,1.250139646381739
4026,1174,-14.972244059966247
4026,0,9.763639513207638
4032,0,9.219168520462162
4032,615,8.371621817493063
4038,17,7.643856189774724
4038,0,23.070017930318127
4038,318,
4054,1300,-27.8498041385267
4054,0,-13.872674880270605
4093,0,13.758569395916533
4093,4546,
4105,3,10.562242424221072
4105,0,25.191070768977777
4105,247,
4105,377,11.649256177517314
4105,75,
4116,63,
4116,197,
4116,374,
4116,0,49.8512889143227
4150,174,19.52390053347572
4150,485,0.1509109109145206
4150,1833,3.795859283219775
4150,0,11.501399654382048
4150,1057,1.4624254361985662
4151,374,-9.278449458220482
4151,0,-12.796517684602456
4157,0,4.737054866243836
4157,174,12.832528973311213
4157,3,9.965784284662087
4163,0,30.20098805166138
4163,17,
4231,63,
4231,0,15.32481917605381
4250,0,-11.10600176866815
4250,75,
4274,63,
4274,0,-11.826615929530206
4293,1356,-9.092757140919852
4293,2377,-9.199672344836364
4293,0,2.797244268333832
4293,63,-3.3075728019102923
4293,328,-12.733782785923813
4293,1036,
4293,14,-5.365826338977771
4305,0,9.965784284662087
4305,75,19.931568569324174
4307,63,
4307,0,4.992143152281902
4312,0,9.707359132080883
4312,1692,9.965784284662087
4336,2,4.693398732760518
4336,0,8.234751616393135
4336,485,
4336,173,6.647408574431546
4370,63,
4370,0,25.94418469005053
4380,2995,-10.297783653415102
4380,0,11.884694676093982
4398,3,42.330589616114295
4398,0,-18.925789113705253
4417,1356,
4417,5065,
4417,2377,8.44190670454224
4417,3,
4417,0,16.686397563689944
4444,863,-8.228818690495881
4444,210,-9.598672880752062
4447,585,1.1811494391045665
4447,0,-8.380821783940931
4449,0,15.711048512421835
4449,75,
4498,0,-11.711696021030159
4498,537,-9.965784284662087
4498,2,-9.96289600533726
4517,0,15.930850404586236
4517,223,3.0716609851274463
4517,1144,-2.0009853790033145
4520,63,
4520,0,13.028755320861128
4520,1460,9.396604781181859
4520,9968,10.909143047339898
4524,63,
4524,0,51.42957462172973
4530,374,-0.6836543490672048
4530,0,5.562566163128208
4545,759,
4545,0,4.105036705191628
4546,4093,
4546,8831,-1.8654760725715156
4546,112,
4546,0,12.220151795773994
4554,389,16.933978741089962
4554,0,17.003924117981537
4566,2434,
4566,0,8.668884984266247
4608,173,
4608,0,1.8934210494449657
4609,0,6.795940632937774
4609,1759,-7.808954043052075
4620,0,9.014020470314934
4620,759,9.681238411777805
4621,0,8.965784284662087
4637,1096,-7.556293157889886
4637,485,
4637,0,9.700439718141093
4637,616,1.7606168136930267
4670,0,
4670,63,
4714,25,
4714,0,17.198886223800795
4714,68,
4714,26,20.690901692418862
4714,624,-5.2930520223543285
4726,63,
4726,0,16.609640474436812
4744,0,
4750,177,
4750,0,12.686500527183219
4803,0,20.10760240587358
4803,189,5.442222328605074
4821,3,
4821,0,29.933207747825648
4839,0,16.928345392348522
4839,1823,2.9911689643227377
4858,0,-0.40192309541557064
4858,537,
4863,0,6.50635266602479
4863,63,6.50635266602479
4863,14,
4884,0,
4884,485,16.609640474436812
4926,0,9.76487159073609
4926,112,-0.0
4964,0,11.140190703191836
4965,629,-17.442496944716172
4965,0,-17.23835808685304
4965,3,-22.97873494428018
5009,63,
5009,328,
5009,0,9.965784284662087
5024,389,17.88025428712957
5024,0,7.68190316637502
5056,0,19.26467183852468
5065,0,64.263252200704
5065,4417,
5065,173,
5084,63,5.094760252058916
5084,1190,-16.824301560124976
5084,0,6.593835416977178
5145,1297,-1.1679166604344045
5145,0,21.803239650969356
5179,389,20.123659011890087
5179,0,10.322754831322559
5256,0,23.61676141769384
5256,759,10.64745842645492
5263,3,-4.284590549200241
5263,0,-10.192427912436086
5268,174,9.965784284662087
5268,485,1.043943347587597
5268,0,11.390420184868239
5268,759,
5280,0,10.572788019577647
5280,7065,-0.062492183879752174
5288,0,7.0412820223901145
5288,485,
5335,0,8.578489788283646
5335,2702,
5352,0,11.198912708717168
5352,153,8.380821783940931
5402,847,3.4140462968757936
5402,0,-26.569642522384008
5522,0,25.858581260201753
5522,63,
5573,0,-1.4825320073531285
5573,14,-9.294918515034905
5584,196,
5584,0,6.252299962557683
5584,3,11.82097669262124
5584,2807,-23.766650319194817
5592,63,
5592,0,9.929258408636972
5603,0,24.374412681942285
5603,1532,
5610,1460,
5610,0,21.817918182082824
5611,0,-9.965784284662087
5611,9250,0.00144053435921492
5613,0,11.79644525906185
5613,7751,
5633,75,-7.965784284662087
5633,0,-15.289504926127682
5648,5649,11.731319031025064
5648,0,18.79140165882296
5649,5648,-11.731319031025064
5649,0,12.336878899154025
5685,1596,-0.3741048960273424
5685,0,7.729756568057979
5685,17,5.599912842187128
5685,337,-8.640244936222345
5715,0,16.21074926101308
5715,63,3.508900294901597
5728,0,20.071718976208732
5728,1963,-6.717344756325009
5747,14,13.43396481428513
5747,0,16.603875503537008
5747,189,13.439701045971955
5757,374,2.5394346622904855
5757,0,10.32024090584368
5757,14,0.7790231421860059
5762,5763,-9.965784284662087
5762,0,3.321928094887362
5763,5762,9.965784284662087
5763,0,51.72137599418337
5776,0,3.048363021561399
5776,68,3.321928094887362
5791,0,-9.011227255423254
5791,63,
5826,0,13.086405988420593
5826,174,9.965784284662087
5832,1057,
5832,0,81.44890553024686
5832,13,9.965784284662087
5836,0,4.539158811108031
5836,6670,-3.8365012677171206
5876,3,
5876,0,9.965784284662087
5881,0,-4.963874575324093
5881,14,
5898,3,9.965784284662087
5898,0,-10.014020470314934
5922,0,18.54933605477737
5922,7823,1.1297339296040172
5925,2434,-3.2558416315395355
5925,0,5.51306958223937
5935,63,
5935,0,
5979,63,
5979,0,-14.852273759416722
5987,0,10.999022682981545
5987,174,19.050156611172323
6037,374,-2.5820799921880346
6037,0,14.668745658711051
6060,75,
6060,0,2.537965021183987
6086,0,-20.777880538527278
6086,75,-12.946068803813011
6097,0,-12.280488777025854
6097,389,6.523561956057013
6101,0,9.965784284662087
6101,63,
6104,0,7.768184324776926
6104,68,9.552669097514272
6115,0,-10.960725994839057
6115,197,
6124,0,18.94155054394172
6124,3,
6136,0,8.080817527608327
6136,3,13.229870272287243
6167,0,9.409390936137703
6167,1246,
6188,3,10.372865060112588
6188,0,8.900866807980748
6230,0,47.0726646291694
6230,75,9.965784284662087
6257,0,9.824958740528523
6257,1512,8.965784284662087
6285,0,11.68391629924918
6285,14,4.0
6309,0,21.40054147880052
6309,9547,
6389,0,32.19890221937822
6396,0,8.664708754325687
6396,2096,-9.965784284662087
6396,17,4.343182756957712
6396,458,0.16374499144879703
6477,0,22.001442838107476
6477,3292,5.107803289534515
6515,173,
6515,14,-4.580297874395546
6515,0,3.470761413693989
6525,0,11.02164771928238
6525,14,2.624686457797988
6525,485,9.965784284662087
6542,0,9.116343961237469
6542,2434,-0.0
6584,3,
6584,0,23.293111837350736
6586,0,
6586,8817,
6627,0,-19.925787665218436
6627,788,7.646728033986111
6651,0,18.57229977256305
6651,430,
6651,698,
6670,0,8.848622940429339
6670,5836,3.8365012677171206
6685,0,69.30288378213122
6706,3480,7.380821783940931
6706,0,12.245627199619552
6716,3217,
6716,0,
6716,537,
6740,1186,2.6287991054240964
6740,698,-1.977817380213985
6802,0,
6802,63,
6807,63,
6807,0,9.874981347653774
6824,0,9.965784284662087
6824,75,9.965784284662087
6826,1581,10.442943495848729
6826,0,8.422064766172813
6851,63,
6851,0,17.536689638329577
6856,698,
6856,1186,16.7484120551908
6878,2555,-9.965784284662087
6878,0,-6.798378644731748
6912,0,-3.270019297174763
6912,373,11.942737412785362
6932,1687,0.9702977962228011
6932,3,-9.965501375544425
6999,0,6.761003665226827
6999,1657,
7014,0,15.193161322039625
7065,0,10.640308861911619
7065,5280,0.06249218387975225
7069,2274,-0.0037973664875672573
7069,0,-9.965784284662087
7073,64,
7073,0,
7149,173,11.00333512116023
7149,0,12.265518272968981
7149,9420,-7.304921669581672
7190,585,9.074141462752506
7190,47,3.2252315007053864
7190,0,9.113742166049189
7190,3,10.39231742277876
7190,2,9.965784284662087
7196,0,
7196,1186,
7204,0,
7204,337,
7216,3,22.022202346508262
7216,328,0.012977853998209997
7223,3,
7223,0,
7243,328,-4.855051664088901
7243,0,11.620558824100419
7244,537,-9.38586240064146
7244,0,8.451211111832329
7251,63,
7251,0,
7307,0,16.605971583799302
7307,63,
7427,0,8.996588913553381
7427,68,
7514,174,34.195300706253185
7514,0,26.0075232278982
7531,210,
7531,0,-10.28674683860136
7564,0,
7564,14,
7576,476,
7576,0,11.167418145831737
7609,3,7.14427341135904
7609,0,-0.4300775170144396
7636,3071,0.0028020793026151103
7636,0,9.479780264029099
7683,63,
7683,0,7.592457037268081
7725,0,
7725,63,
7751,5613,
7751,0,52.43554099658439
7808,0,10.255998273881834
7808,174,18.375042971499802
7808,1356,4.498605468744036
7811,68,
7811,0,-29.89159356260126
7816,0,13.594907723063335
7816,2910,-1.4085614037482603
7823,5922,-1.1297339296040172
7823,0,5.058893689053568
7869,2790,8.290422860606748
7869,0,3.1584790276199723
7918,7919,-13.287712379549449
7918,0,0.8548781908258858
7919,7918,13.287712379549449
7919,0,12.108955495565278
7962,247,
7962,0,-15.189105908802281
8008,17,4.967932963516216
8008,0,9.282558848116048
8008,174,17.516091995833932
8015,0,9.909893083770042
8039,473,0.010134377133713174
8039,0,-0.014996822341353942
8125,1338,9.965784284662087
8125,0,22.61764132669892
8155,68,
8155,0,21.035554068260044
8248,3,
8248,0,23.82521027450001
8248,63,
8274,586,3.023269779322847
8274,0,9.703903573444665
8293,484,
8293,0,-4.959013067625576
8293,174,2.833106069528817
8331,0,-2.2059712813993797
8331,727,-3.171732113137651
8339,0,
8339,337,
8371,0,1.7274408187415757
8371,698,
8570,0,29.715201882767207
8570,2924,
8621,0,19.046966272688067
8621,657,
8626,822,-9.965784284662087
8626,89,-9.965784284662087
8632,0,9.338814310846999
8632,3525,-0.0
8634,861,
8634,0,-13.574967654683933
8683,63,-1.332789087519129
8683,247,-5.39091470507867
8683,847,-3.0583333103163275
8683,0,-1.7744493417185154
8683,17,-0.0
8683,657,-1.4659383975788818
8733,0,9.965784284662087
8733,757,
8752,63,
8752,0,9.78953364497036
8780,247,
8780,0,
8790,0,21.60304827304692
8790,8918,-4.277799975905956
8801,473,9.965784284662087
8801,0,42.6643669209628
8801,1513,
8817,0,12.540135352724812
8817,6586,
8831,4546,1.8654760725715158
8831,0,14.070477836989937
8905,0,23.756170033308354
8905,2300,
8905,63,9.965784284662087
8918,8790,4.277799975905956
8918,0,22.388269031548365
8918,3,
8962,485,
8962,189,
9113,63,
9113,0,9.372865060112588
9118,0,33.213498596424465
9118,10221,
9191,0,-19.435906222246413
9191,389,-9.431473482800666
9236,0,5.471304610074878
9236,2631,-16.788351435802767
9240,0,9.306034518267602
9240,1356,-1.3808217839409307
9249,174,
9249,0,14.52835283439466
9250,5611,-0.001440534359214993
9250,0,-9.965784284662087
9331,0,9.997179480937621
9331,3,8.980139577639157
9399,63,
9399,0,0.9230055590209769
9420,0,9.967226258835993
9420,7149,7.304921669581672
9495,0,8.991521846075695
9495,68,21.466644315354813
9522,0,9.965784284662087
9522,63,
9547,0,14.111133045647453
9547,6309,
9594,485,7.158429362604483
9594,0,16.910817348653463
9716,0,-12.733422646153937
9716,3864,
9819,0,29.891570502840743
9819,1142,
9919,540,-3.1931473551399973e-05
9919,0,-9.965784284662087
9968,0,-15.177899816435621
9968,4520,-10.909143047339898
10005,0,8.176709658959927
10034,0,28.363700764444907
10180,1145,11.873251842902127
10180,0,15.1641212734183
10221,0,9.840777923595054
10221,9118,
10333,0,4.497107081758965
10333,63,
10333,328,
10486,174,7.380821783940931
10486,0,-0.27356507332596325
10907,0,54.65971422082683
11156,374,-8.457380879072534
11156,0,2.9029187845061015
